#,#,#,#,#,#,#,〰,},},},〰,#,#,#,#,#,#,#,.,.,.,.,.,",",",",",",",",",",",",",",",",",",",",",",",",",",",",",",",",",",",",",",",",",",",",",",",",",",",",|,",",#,",",#,#,#,#,",",#,#,#,#,#,#,#,#,#,#,#,#,#,#,#,#,#,#,#,#,#,#,#,〰,},},},〰,#,#,#,#,#,#,#,#,#,#,#,#,#,#,#,#,#,#,#,#,#,#,#,#,#,#,#,#,#,#,#,#,#,#,#,#,#,#,#,#,#,#,#,#,#,#,#,#,#,#,#,#,#,#,#,#,#,#,#,#,#,#,#,#,#,#,#,#,#,#,#,#,#,#,#,#,#,#,#,#,#,#,#,#,#,#,#,#,#,#,#,#,#,#,#,#,#,#,#,#,#,#,#,#,#,#,#,#,#,#,#,#,#,#,#,#,#,#,#,#,#,#,#,#,#,#,#,#,#,#,#,#,#,#,#,#,#,#,#,#,#
#,#,#,#,#,",",〰,},},},},〰,#,#,#,#,#,#,#,.,.,.,.,.,",",",",█,█,█,█,█,█,█,█,█,",",",",",",",",",",",",",",",",",",",",",",",",",",",",#,|,",",",",",",#,",",",",#,#,#,#,",",",",#,#,",",#,#,#,#,",",#,#,#,#,#,#,#,#,#,",",〰,},},},},〰,‥,‥,‥,#,‥,‥,#,‥,#,‥,‥,#,‥,‥,#,#,#,#,#,#,#,#,#,#,#,#,#,#,#,#,#,#,#,#,#,#,#,#,#,#,#,#,#,#,#,#,#,#,#,#,#,#,#,#,#,#,#,#,#,#,#,‥,#,‥,‥,‥,‥,‥,‥,‥,‥,‥,‥,‥,‥,#,#,#,#,#,#,#,#,#,#,‥,‥,#,#,#,#,#,#,#,#,#,#,#,#,#,#,#,#,#,#,#,#,#,#,#,#,#,#,#,#,#,#,#,#,#,#,#,#,#,#,#,#,#,#,#,#,#,#,#,#,#,#,#,#,#,#
#,#,#,#,",",",",〰,〰,},},〰,〰,#,",",",",#,#,#,#,.,.,.,.,.,",",",",█,.,.,.,.,█,.,.,█,",",",",",",",",",",",",",",",",",",",",",",",",#,#,",",|,",",",",",",",",#,#,",",#,",",#,#,#,#,#,#,",",#,",",#,#,#,#,",",",",#,#,#,#,",",",",〰,〰,},},〰,〰,‥,‥,",",‥,#,#,#,#,‥,#,#,#,#,#,#,#,#,#,#,#,‥,#,#,#,#,#,#,#,#,#,#,#,#,#,#,#,#,#,#,#,#,#,#,#,#,#,#,#,#,#,#,#,#,#,#,#,#,#,#,#,‥,‥,‥,#,‥,‥,‥,‥,‥,‥,‥,‥,‥,#,#,#,#,#,#,#,#,#,#,#,#,#,#,#,#,#,#,#,#,#,#,#,#,#,#,#,#,#,#,#,#,#,#,#,#,#,#,#,#,#,#,#,#,#,#,#,#,#,#,#,#,#,#,#,#,#,#,#,#,#,#,#,#,#,#,#,#
",",#,#,",",",",",",〰,〰,〰,},〰,",",#,#,#,",",#,#,",",.,.,.,.,.,",",",",█,.,.,.,.,█,.,.,█,",",",",",",",",",",",",",",",",",",",",",",",",",",",",",",|,",",",",",",",",",",",",",",#,#,",",#,#,",",",",#,#,",",#,#,",",#,#,#,#,",",#,#,",",",",",",〰,〰,〰,},〰,‥,‥,",",#,#,#,‥,#,‥,#,‥,#,‥,#,#,#,#,#,#,#,#,#,#,#,#,#,#,#,#,#,#,#,#,#,#,#,#,#,#,#,#,#,#,#,#,#,#,#,#,#,#,#,#,#,#,#,#,#,#,#,#,#,‥,‥,‥,‥,‥,‥,‥,‥,‥,‥,‥,‥,‥,#,#,#,#,#,#,#,#,#,#,#,#,#,#,#,#,#,#,#,#,#,#,#,#,#,#,#,#,#,#,#,#,#,#,#,#,#,#,#,#,#,#,#,#,#,#,#,#,#,#,#,#,#,#,#,#,#,#,#,#,#,#,#,#,#,#,#
",",#,",",#,",",",",‥,〰,},},〰,",",#,#,#,",",#,",",#,.,.,.,.,.,",",",",█,.,.,.,.,█,.,.,█,",",",",",",",",",",",",",",",",",",",",",",",",",",",",",",|,",",",",",",",",",",",",#,",",",",#,#,",",#,",",",",",",#,",",",",#,#,#,#,#,",",#,",",#,",",",",‥,〰,},},〰,‥,‥,‥,#,‥,‥,#,‥,#,‥,#,#,#,#,#,#,#,#,#,#,#,#,#,‥,#,#,#,#,#,#,#,#,#,#,#,#,#,#,#,#,#,#,#,#,#,#,#,#,#,#,#,#,#,#,#,#,#,#,#,#,#,#,#,#,‥,‥,#,‥,‥,‥,‥,‥,‥,#,‥,#,#,#,#,#,#,#,#,#,‥,#,#,#,#,#,#,#,#,#,#,#,#,#,#,#,#,#,#,#,#,#,#,#,#,#,#,#,#,#,#,#,#,#,#,#,#,#,#,#,#,#,#,#,#,#,#,#,#,#,#,#,#,#,#,#,#,#
",",#,#,",",#,",",〰,},},〰,〰,",",",",",",#,",",#,#,",",.,.,.,.,.,",",",",█,█,.,█,█,█,.,.,█,",",",",",",",",",",",",",",",",",",",",",",",",",",",",",",|,",",",",",",",",",",",",",",#,",",#,",",#,",",#,",",#,#,#,",",",",#,",",",",#,",",#,#,",",#,",",〰,},},〰,〰,‥,‥,#,‥,#,‥,#,‥,#,#,#,‥,‥,#,‥,#,#,‥,#,#,#,#,#,#,#,#,#,#,#,#,#,#,#,#,#,#,#,#,#,#,#,#,#,#,#,#,#,#,#,#,#,#,#,#,#,#,#,#,#,#,#,#,#,‥,#,‥,‥,#,‥,‥,‥,‥,#,#,#,#,#,#,#,#,#,#,#,#,#,#,#,#,#,#,#,#,#,#,#,#,#,#,‥,#,#,#,‥,#,#,#,#,#,#,#,#,#,‥,#,#,#,#,#,#,#,#,#,#,#,#,#,#,#,#,#,#,#,#,#,#,#,#,#,#,#,#,#
#,",",",",",",",",〰,},},},〰,‥,",",#,#,",",#,",",",",.,.,.,.,.,.,",",",",█,.,.,█,.,.,.,.,█,",",",",",",",",",",",",",",",",",",#,",",",",",",",",",",|,",",",",",",",",",",",",",",",",",",",",#,",",",",#,",",",",#,",",",",#,#,#,#,",",#,",",",",",",",",〰,},},},〰,‥,‥,‥,#,‥,#,",",#,#,‥,#,#,‥,#,#,#,‥,#,#,#,#,#,#,#,#,#,#,#,#,#,#,#,#,#,#,#,#,#,#,#,#,#,#,#,#,#,#,#,#,#,#,#,#,#,#,#,#,#,#,#,#,‥,#,#,#,‥,#,#,‥,#,#,‥,#,‥,#,#,#,#,#,#,#,#,#,#,#,#,#,#,#,#,#,#,#,‥,#,‥,#,‥,‥,‥,‥,‥,‥,#,#,#,#,#,#,#,#,#,#,#,#,#,‥,#,#,‥,#,#,#,#,#,#,#,#,#,#,#,#,#,#,#,#,#,#,#,#,#,#,#
",",#,#,",",",",〰,},},},〰,‥,",",#,",",#,",",#,.,.,.,.,.,.,.,",",",",█,.,.,█,.,.,.,.,█,",",",",",",",",",",",",",",",",",",",",",",",",",",",",",",|,",",",",",",",",",",",",",",",",",",#,",",",",#,",",",",#,",",#,#,#,",",#,",",#,",",#,#,",",",",〰,},},},〰,‥,‥,‥,",",#,‥,#,#,#,‥,#,‥,‥,#,‥,‥,#,#,#,#,#,#,#,#,#,#,#,#,#,#,#,#,#,#,#,#,#,#,#,#,#,#,#,#,#,#,#,#,#,#,#,#,#,#,#,#,#,#,‥,#,‥,#,#,#,#,#,#,#,#,#,#,#,#,#,#,#,#,#,#,#,#,#,#,#,#,#,#,#,#,#,#,#,#,#,‥,‥,‥,‥,‥,‥,#,‥,‥,#,#,#,#,#,#,#,#,#,#,#,#,#,#,#,‥,#,#,#,#,#,#,#,#,#,#,#,#,#,#,#,#,#,#,#,#,#,#,#,#
#,",",",",",",〰,〰,},},},〰,‥,",",",",#,#,#,",",",",",",.,.,.,.,.,",",",",█,.,.,█,█,█,.,█,█,",",",",",",",",",",",",",",",",",",",",",",",",",",",",",",|,",",",",",",",",",",",",#,",",",",",",",",",",",",",",#,#,#,#,",",",",",",",",#,#,#,",",",",",",〰,〰,},},},〰,‥,‥,",",",",#,#,‥,#,‥,#,#,#,#,‥,#,#,#,#,#,#,#,#,#,#,#,#,#,#,#,#,#,#,#,#,#,#,#,#,#,#,#,#,#,#,#,#,#,#,#,#,#,#,#,#,#,#,#,#,#,#,#,#,#,#,#,#,#,#,#,#,#,#,#,#,#,#,#,#,#,#,#,#,#,#,#,#,#,#,#,#,#,#,#,‥,‥,‥,#,#,#,#,#,#,‥,‥,#,#,#,#,#,#,#,#,#,#,#,#,#,#,#,#,#,#,#,#,#,#,#,#,#,#,#,#,#,#,#,#,#,#,#,#,#,#,#
#,#,",",",",",",〰,},},〰,〰,‥,",",#,",",#,#,#,.,",",.,.,.,.,.,",",",",█,.,.,.,.,.,.,.,█,.,.,.,",",",",",",",",",",",",",",",",",",",",#,",",|,",",",",",",",",",",",",",",",",",",",",",",#,",",",",#,",",",",",",#,#,",",#,",",#,#,#,",",",",",",〰,},},〰,〰,‥,‥,‥,#,#,",",‥,#,#,#,",",‥,#,#,#,‥,#,#,#,#,#,#,#,#,#,#,#,#,#,#,#,#,#,#,#,#,#,#,#,#,#,#,#,#,#,#,#,#,#,#,#,#,#,#,#,#,#,#,#,#,#,#,#,‥,#,#,#,#,#,#,#,#,#,#,#,#,#,#,#,#,‥,#,#,#,#,#,#,#,#,#,#,#,‥,‥,‥,#,#,‥,#,#,#,#,‥,‥,#,#,#,#,#,#,#,#,#,#,#,#,#,#,#,#,#,#,#,#,#,#,#,#,#,#,#,#,‥,#,#,‥,‥,#,#,#,#,#,#
#,#,",",",",〰,〰,},〰,〰,‥,‥,",",#,#,",",#,#,",",",",.,.,.,.,.,",",",",█,.,.,.,.,.,.,.,█,.,.,.,",",",",",",",",",",",",",",",",",",",",",",",",|,",",",",",",",",",",",",",",",",",",",",",",",",",",",",",",#,#,#,",",",",#,#,#,",",#,#,",",",",〰,〰,},〰,〰,‥,‥,‥,‥,#,‥,#,‥,‥,#,‥,#,‥,#,‥,#,#,#,#,#,#,#,#,#,#,#,#,#,#,#,#,#,#,#,#,#,#,#,‥,#,‥,‥,‥,#,#,#,#,#,#,#,#,#,‥,#,#,‥,#,#,#,#,#,‥,#,#,#,#,#,#,#,#,#,#,#,#,#,#,#,#,#,#,#,#,#,#,#,#,#,#,#,#,#,‥,#,‥,‥,#,#,#,#,#,#,#,‥,‥,#,#,#,#,#,#,#,#,#,‥,#,#,#,#,#,#,#,#,#,#,#,#,#,#,#,#,#,#,#,#,‥,‥,#,#,#,‥,‥,#,#,#
",",",",",",#,〰,},},〰,〰,‥,‥,#,",",#,#,",",",",.,#,.,.,.,.,.,",",",",█,.,.,.,.,.,.,.,█,.,.,.,",",",",",",",",",",",",",",",",",",",",",",",",|,",",",",",",",",",",",",",",",",",",#,",",",",#,#,",",",",",",#,#,",",",",",",#,#,",",",",",",#,〰,},},〰,〰,‥,‥,#,‥,#,‥,#,#,#,‥,#,‥,#,#,#,‥,#,#,#,#,#,#,#,#,#,#,#,#,#,#,#,#,#,#,#,#,#,#,#,‥,‥,‥,‥,‥,#,‥,#,#,#,#,#,#,#,#,#,#,#,#,#,#,#,#,#,#,#,#,#,#,#,#,#,#,#,#,#,#,#,#,#,#,#,#,#,#,#,#,#,#,#,#,#,#,#,‥,‥,‥,#,#,#,#,#,#,‥,‥,#,#,#,#,#,#,#,#,#,#,#,#,#,#,#,#,#,#,#,#,#,#,#,#,#,#,#,#,#,‥,‥,‥,#,‥,‥,#,#,#,‥,#
",",",",",",",",〰,},},},〰,‥,‥,‥,#,",",#,",",.,",",",",.,.,.,.,.,",",",",█,.,.,.,.,.,@,.,█,.,.,.,",",",",",",",",",",",",",",",",",",#,",",",",|,",",",",",",",",",",",",",",",",",",",",",",#,#,#,",",#,",",#,",",",",#,#,",",#,",",",",",",",",〰,},},},〰,‥,‥,‥,‥,‥,#,",",#,‥,#,‥,#,#,#,‥,‥,#,#,#,#,#,#,#,#,#,#,#,#,#,#,#,#,#,#,#,#,#,#,#,‥,‥,‥,‥,‥,‥,#,#,#,#,#,#,#,#,#,#,#,#,#,#,#,#,#,#,#,#,#,#,#,#,#,#,#,#,‥,#,#,#,#,#,#,#,#,#,#,#,#,#,#,#,#,#,#,#,#,‥,‥,#,#,#,#,#,‥,‥,‥,#,#,#,#,#,#,#,#,#,#,#,#,#,#,#,#,#,#,#,#,#,#,#,#,#,#,#,‥,#,‥,‥,#,‥,‥,‥,‥,‥,#,#,#
#,",",",",",",〰,},},},〰,〰,‥,#,",",#,#,#,",",",",",",.,.,.,.,.,.,.,.,.,.,.,.,.,.,.,█,.,.,.,",",",",",",",",",",",",#,",",",",",",",",",",|,",",",",",",",",",",",",",",",",",",#,",",",",#,",",",",",",#,",",#,#,",",",",#,#,#,",",",",",",〰,},},},〰,〰,‥,#,‥,#,‥,#,‥,",",‥,#,#,‥,‥,#,#,#,#,#,#,‥,#,#,#,#,#,#,#,#,#,#,#,#,#,#,#,#,#,#,#,‥,‥,‥,‥,‥,‥,#,‥,#,#,#,#,#,#,#,#,#,#,#,‥,#,#,#,#,#,#,#,#,#,#,#,#,#,#,#,#,#,#,#,#,#,#,#,#,#,#,#,#,#,#,‥,#,#,#,#,‥,‥,‥,‥,#,‥,‥,‥,‥,#,#,#,#,#,#,#,#,#,#,#,#,#,#,#,#,#,#,#,#,#,#,#,#,#,#,#,#,‥,‥,‥,‥,‥,‥,‥,‥,‥,#,#,#
#,",",#,",",‥,〰,},},},〰,‥,‥,#,",",",",#,.,#,",",.,.,.,.,.,",",",",█,.,.,.,.,.,.,.,█,.,.,.,",",",",",",",",",",",",",",",",",",",",",",",",|,",",",",",",",",",",",",",",",",",",",",",",#,",",",",",",",",#,",",",",",",#,#,",",",",#,",",#,",",‥,〰,},},},〰,‥,‥,‥,‥,#,‥,",",‥,#,‥,#,#,#,‥,#,#,#,#,#,#,#,#,#,#,#,#,#,#,#,#,#,#,#,#,#,#,‥,#,#,#,‥,‥,‥,‥,‥,‥,#,#,#,#,#,#,#,#,#,#,#,#,#,#,#,#,#,#,#,#,#,#,‥,#,#,#,#,#,#,#,#,#,#,#,#,#,#,#,#,#,#,#,#,‥,#,#,#,#,#,‥,‥,‥,‥,‥,‥,#,#,‥,#,#,#,#,#,#,#,#,#,#,#,#,#,#,#,#,#,#,#,#,#,#,#,#,#,#,#,#,‥,‥,‥,‥,‥,‥,‥,‥,#,#,#
",",",",",",",",‥,〰,},},〰,#,‥,",",#,",",#,",",",",",",",",.,.,.,.,.,",",",",█,█,█,█,█,█,█,█,█,",",",",",",",",",",",",",",",",",",",",",",",",",",",",",",|,",",#,",",",",",",",",",",",",",",#,#,",",",",",",#,",",#,",",#,",",",",#,",",#,",",",",",",",",‥,〰,},},〰,#,‥,",",‥,‥,#,#,#,#,#,#,#,‥,#,‥,#,‥,#,#,#,#,#,#,#,#,#,#,#,#,#,#,#,#,#,#,#,#,#,#,‥,#,‥,‥,‥,‥,‥,‥,#,#,#,#,#,#,#,#,#,#,#,#,#,#,#,#,#,#,#,#,#,#,#,#,#,#,#,#,#,#,#,#,#,#,#,#,#,#,#,#,#,#,‥,‥,#,#,#,#,#,#,‥,#,‥,‥,#,#,#,#,#,#,#,#,#,#,#,#,#,#,#,#,#,#,#,#,#,#,#,#,#,#,#,#,#,#,#,#,#,#,‥,‥,‥,‥,‥,#,#,#,#
#,#,",",",",",",〰,},〰,〰,〰,‥,‥,",",",",",",#,#,.,.,.,.,.,.,.,",",",",█,.,.,.,.,█,.,.,█,",",",",",",",",",",",",",",",",",",",",",",",",",",",",",",|,",",",",",",",",",",#,",",",",",",#,",",",",#,",",#,",",",",",",",",#,#,",",",",",",#,#,",",",",",",〰,},〰,〰,〰,‥,‥,‥,‥,",",#,‥,#,‥,#,‥,‥,#,#,‥,#,‥,‥,#,#,#,#,#,#,#,#,#,#,#,#,#,#,#,#,#,#,#,#,#,#,#,‥,‥,‥,‥,#,#,#,#,#,#,#,#,#,#,#,#,#,#,#,#,#,#,#,#,#,#,#,#,#,#,#,#,#,#,#,#,#,#,#,#,#,#,#,#,#,#,#,#,#,#,#,‥,#,#,#,#,#,#,#,#,#,#,#,#,#,#,#,#,#,#,#,#,#,#,#,#,#,#,#,#,#,#,#,#,#,#,#,#,#,#,‥,#,‥,‥,#,‥,‥,#,#,#,#,#
#,",",",",",",",",〰,},},〰,〰,‥,‥,",",#,",",#,",",",",",",.,.,.,.,.,",",",",█,.,.,.,.,█,.,.,█,",",",",",",",",",",",",",",",",",",",",",",#,",",",",",",|,",",",",",",",",",",",",",",",",#,",",",",",",",",",",",",",",",",#,#,",",",",",",#,",",#,",",",",",",",",〰,},},〰,〰,‥,‥,‥,‥,#,#,#,#,#,#,#,#,‥,#,‥,#,#,#,#,#,#,#,#,‥,#,#,#,#,#,#,#,#,#,#,#,‥,#,#,#,#,#,#,‥,‥,#,#,#,#,#,#,#,#,#,#,#,#,#,#,#,#,#,#,#,#,#,#,#,#,#,#,#,#,#,#,#,#,#,#,#,#,#,#,#,#,#,#,#,#,#,#,#,#,#,#,#,#,#,#,#,#,#,#,#,#,#,#,#,#,#,#,#,#,#,#,#,#,#,#,#,#,#,#,#,#,#,#,#,#,#,#,#,#,‥,#,#,‥,#,#,‥,#,#,#,#
#,",",",",",",",",〰,},},},},〰,‥,#,",",#,#,.,",",.,.,.,.,R,.,",",",",█,.,.,.,.,█,.,.,█,",",",",",",",",",",",",",",",",",",",",",",",",",",#,",",|,",",",",",",",",",",",",",",",",",",#,",",",",",",#,#,#,",",",",",",#,",",#,",",#,#,",",",",",",",",〰,},},},},〰,‥,‥,‥,#,‥,#,#,#,‥,‥,#,#,‥,#,‥,#,#,#,#,#,#,#,#,#,#,#,#,#,#,#,#,#,#,#,#,#,#,#,‥,#,#,#,‥,#,#,#,#,#,#,#,#,#,#,#,#,#,#,#,#,#,#,#,#,#,#,#,#,#,#,#,#,#,#,#,#,‥,#,#,#,#,#,#,#,#,#,#,‥,#,#,#,#,#,#,#,#,#,#,#,#,#,#,#,#,#,#,#,#,#,#,#,#,#,‥,#,#,#,#,#,#,#,#,#,#,#,#,#,#,#,#,#,#,#,#,#,#,#,#,#,#,#,#,#
",",#,",",",",",",〰,〰,},},},〰,‥,",",#,#,",",#,",",.,.,.,.,.,.,",",",",█,█,.,█,█,█,.,.,█,",",",",",",",",",",",",",",",",",",",",",",",",",",",",",",|,",",",",",",",",",",",",",",#,#,",",",",",",#,#,",",",",",",#,",",#,#,",",#,#,",",#,",",",",",",〰,〰,},},},〰,‥,‥,#,‥,#,#,‥,",",‥,#,‥,‥,#,#,‥,#,‥,#,#,#,#,#,#,#,#,#,#,#,#,#,#,#,#,#,#,#,#,#,#,#,#,#,#,#,#,#,#,#,#,#,#,#,#,#,#,#,#,#,#,#,#,#,#,#,#,#,#,#,#,#,#,#,#,#,#,#,#,#,#,#,#,#,#,#,#,#,#,#,#,#,#,#,#,#,#,#,#,#,#,#,#,#,#,#,#,#,#,#,#,‥,#,#,#,#,#,#,#,#,#,#,#,#,#,#,#,#,#,#,#,#,#,#,#,#,#,#,#,#,#,#,#,#
#,#,",",",",〰,〰,〰,},},},〰,‥,#,#,#,#,#,",",",",.,.,.,.,.,",",",",█,.,.,█,.,.,.,.,█,",",",",",",",",",",",",",",",",",",",",",",",",",",",",",",|,",",",",",",",",",",",",",",",",",",#,",",",",",",",",",",",",",",",",",",#,",",#,#,#,#,#,",",",",〰,〰,〰,},},},〰,‥,‥,‥,",",#,‥,#,#,‥,‥,#,#,#,#,#,#,#,#,#,#,#,#,#,#,#,#,#,#,#,#,#,#,#,#,#,#,#,#,#,#,#,#,#,#,#,#,#,#,#,#,#,#,#,#,#,#,#,#,#,#,#,#,#,#,#,#,#,#,#,#,#,#,#,#,#,#,#,#,#,#,#,#,#,#,#,‥,#,#,#,#,#,#,#,#,#,#,#,#,#,#,#,#,#,‥,#,#,#,#,‥,#,#,#,#,#,#,#,#,#,#,#,#,#,#,#,‥,#,#,#,#,#,#,#,#,#,#,#,#,#,#,#,#,#
#,",",#,",",〰,#,〰,〰,},},},〰,",",",",",",#,",",.,",",.,.,.,.,.,",",",",█,.,.,█,.,.,.,.,█,",",",",",",",",",",",",",",",",",",",",",",",",",",",",",",|,",",",",",",#,",",",",",",",",",",",",",",#,",",",",",",#,",",#,",",",",#,",",",",",",#,",",#,",",〰,#,〰,〰,},},},〰,‥,",",‥,‥,‥,#,‥,#,‥,#,‥,#,#,#,#,#,#,#,#,#,#,#,#,#,#,#,#,#,#,#,#,#,#,#,#,#,#,#,#,#,#,#,#,#,#,#,#,#,#,#,#,#,#,#,#,#,#,#,#,#,#,#,#,#,#,#,#,#,#,#,#,#,#,#,#,#,#,#,#,#,#,#,#,#,#,#,#,#,#,#,#,#,#,#,#,#,#,#,#,‥,#,#,#,#,#,#,#,#,‥,#,#,#,#,#,#,#,#,#,#,#,#,#,#,#,#,#,#,#,#,#,#,#,#,#,#,#,#,#,#,#,#
",",#,",",",",〰,〰,〰,},},},〰,‥,",",#,#,",",#,",",",",.,.,.,.,.,",",",",█,.,.,█,█,█,.,█,█,",",",",",",",",",",",",",",",",",",",",",",",",",",",",",",|,",",",",",",",",",",",",",",",",",",",",",",",",#,#,",",",",",",#,#,#,",",",",#,#,",",#,",",",",〰,〰,〰,},},},〰,‥,‥,‥,‥,‥,#,#,",",‥,#,#,‥,#,#,‥,#,#,#,‥,#,#,#,#,#,#,#,#,#,#,#,#,#,#,#,#,#,#,#,#,#,#,#,#,#,#,#,#,#,#,#,#,#,#,#,#,#,#,#,#,#,#,#,#,#,#,#,#,#,#,#,#,#,#,#,#,#,#,#,#,#,#,#,#,#,#,#,#,#,#,#,#,#,#,#,#,#,#,#,#,#,#,#,#,#,#,#,#,#,#,#,#,#,#,#,#,#,#,#,#,#,#,#,#,#,#,#,#,#,#,‥,#,#,#,#,#,#,#,#,#,#,#,#
",",#,",",",",",",〰,〰,},},},〰,",",#,#,",",",",#,",",.,.,.,.,.,.,",",",",█,.,.,.,.,.,.,.,█,.,.,.,",",",",",",",",",",",",",",",",",",",",",",",",|,",",",",",",",",",",",",",",",",",",",",#,#,",",#,",",",",",",",",",",",",",",#,#,",",",",#,",",",",",",〰,〰,},},},〰,",",‥,‥,‥,‥,",",#,#,‥,#,‥,#,#,‥,‥,#,#,#,#,#,#,#,#,#,#,#,#,#,#,#,#,#,#,#,#,#,#,#,#,#,#,#,#,#,#,#,#,#,#,#,#,#,#,#,#,#,#,#,#,#,#,#,#,#,#,#,#,#,#,#,#,#,#,#,#,#,#,#,#,#,#,#,#,#,#,#,#,#,#,#,#,#,#,#,#,#,#,#,#,#,#,#,#,#,#,#,#,#,#,#,#,#,#,#,#,#,#,#,#,#,#,#,#,#,#,#,#,#,#,#,#,#,#,#,#,#,#,#,#,#,#,#
",",",",#,",",",",〰,},},〰,},〰,‥,#,",",#,",",",",#,",",.,.,.,.,.,",",",",█,.,.,.,.,.,.,.,█,.,.,.,",",",",",",",",",",",",",",",",",",",",",",",",|,",",",",",",",",",",",",",",",",",",",",",",",",#,",",",",",",",",#,",",#,#,#,",",#,",",",",#,",",",",〰,},},〰,},〰,‥,‥,",",‥,#,‥,#,#,#,#,#,#,#,#,‥,#,#,#,#,#,#,#,#,#,#,#,#,#,#,#,#,#,#,#,#,#,#,#,#,#,#,#,#,#,#,#,#,#,#,#,#,#,#,#,#,#,#,#,#,#,#,#,#,#,#,#,#,#,#,#,#,#,#,#,#,#,#,#,‥,#,#,#,#,#,#,#,#,#,#,#,#,#,#,#,#,#,#,#,#,#,#,#,#,#,‥,#,#,#,#,#,#,#,#,#,#,#,#,#,#,#,#,#,#,#,#,#,#,‥,#,#,#,#,#,#,#,#,#,#,#,#,#,#
#,#,",",",",",",〰,},〰,},},},〰,#,",",#,#,#,",",",",.,.,.,.,.,",",",",█,.,.,.,.,.,k,.,█,.,.,.,",",",",",",",",",",",",",",",",",",",",",",",",|,",",",",",",",",",",",",",",",",",",",",",",",",",",",",",",",",#,",",#,",",",",#,",",#,#,#,",",",",",",〰,},〰,},},},〰,‥,‥,‥,‥,#,#,‥,#,#,‥,#,‥,#,#,#,#,#,#,#,#,#,#,#,#,#,#,#,#,#,#,#,#,#,#,#,#,#,#,#,#,#,#,#,#,#,#,#,#,#,#,#,#,#,#,#,#,#,#,#,#,#,#,#,#,#,#,#,#,#,#,#,#,#,‥,‥,#,#,#,#,#,#,#,#,#,#,#,#,#,#,#,#,#,#,‥,#,#,#,#,#,#,#,#,‥,#,#,#,#,#,#,#,#,#,#,#,#,#,#,#,#,#,#,#,#,#,#,#,#,#,#,#,#,#,#,#,#,#,#,#,#,#,#
#,",",",",",",",",〰,},〰,},},},〰,",",#,",",#,",",",",.,.,.,.,.,.,",",",",█,.,.,.,.,.,.,.,█,.,.,.,",",",",",",",",",",",",",",",",",",",",",",",",|,",",",",",",",",",",",",#,",",",",",",",",#,",",",",#,",",#,",",#,#,",",",",#,",",#,",",",",",",",",〰,},〰,},},},〰,‥,‥,‥,‥,#,",",‥,‥,‥,#,‥,#,#,#,#,#,#,#,#,#,#,#,#,#,#,#,#,#,#,#,#,#,#,#,#,#,#,#,#,#,#,#,#,#,#,#,#,#,#,#,#,#,#,#,#,#,#,#,#,#,#,#,#,‥,#,#,#,#,#,#,#,#,#,#,#,‥,#,#,#,#,#,#,#,#,#,#,#,#,#,#,#,‥,#,‥,#,‥,‥,#,#,#,#,#,#,#,#,#,#,#,#,#,#,#,#,#,#,#,#,#,#,#,#,#,#,#,#,#,#,#,#,#,#,#,#,#,#,#,#,#,#,#,#
#,",",",",#,",",",",〰,},},},},〰,#,#,",",#,",",",",#,.,.,.,.,.,.,.,Π,.,.,.,.,.,.,.,█,.,.,.,",",",",",",",",",",",",",",",",",",#,",",",",|,",",",",",",",",",",",",",",",",",",#,",",#,",",#,",",",",",",#,",",",",#,#,#,",",#,",",",",#,",",",",〰,},},},},〰,‥,‥,‥,‥,",",#,‥,#,‥,‥,#,‥,#,‥,#,#,#,#,#,#,#,#,#,#,#,#,#,#,#,#,#,#,#,#,#,#,#,#,#,#,#,#,#,#,#,#,#,‥,#,#,#,#,#,#,#,#,#,#,#,#,#,#,#,#,#,#,#,#,#,#,#,#,#,#,#,#,#,#,#,#,#,#,#,#,#,#,#,#,#,#,#,‥,‥,‥,‥,‥,#,‥,#,#,#,#,#,#,‥,#,#,#,#,#,#,#,#,#,#,#,#,#,#,#,‥,#,#,#,#,#,#,#,#,#,#,#,#,#,#,#,#,#,#,#,#
#,#,",",",",",",",",〰,},},},},〰,#,",",",",#,#,",",",",.,.,.,.,.,",",",",█,.,.,.,.,.,.,.,█,.,.,.,",",",",",",",",",",",",",",",",",",",",",",",",|,",",",",",",",",",",",",",",",",",",",",",",",",",",",",",",#,",",",",#,#,",",#,",",",",#,#,",",",",",",",",〰,},},},},〰,‥,‥,‥,‥,",",‥,#,‥,#,‥,#,‥,#,#,#,‥,‥,#,‥,#,#,#,#,#,#,#,#,#,#,#,#,#,#,#,#,#,#,#,#,#,#,#,#,#,#,#,#,#,#,#,#,#,#,#,#,#,#,#,#,#,#,#,#,#,#,#,#,#,#,#,#,#,#,#,#,#,#,#,#,#,#,#,#,#,#,#,#,#,#,#,‥,‥,‥,‥,‥,‥,‥,#,#,#,#,#,#,#,#,#,#,#,#,#,#,#,#,#,‥,#,#,‥,#,‥,‥,#,#,#,#,#,#,#,#,#,#,#,#,#,#,#,#,#,#,#,#
#,",",#,",",",",",",",",〰,},},},},‥,#,",",#,",",#,",",.,.,.,.,.,",",",",█,█,█,█,█,█,█,█,█,",",",",",",",",",",",",",",",",",",",",",",",",",",",",",",|,",",",",",",",",",",",",",",",",",",",",",",",",",",",",",",",",#,#,#,",",#,",",#,",",#,",",#,",",",",",",",",〰,},},},},〰,‥,‥,‥,‥,#,#,‥,#,‥,#,#,‥,#,#,‥,#,#,#,#,#,#,#,#,#,#,#,#,#,#,#,#,#,#,#,#,#,#,#,#,#,#,#,#,#,#,#,#,#,#,#,#,#,#,#,#,#,#,#,#,#,#,#,#,#,#,#,#,#,#,#,#,#,#,#,#,#,#,#,#,#,#,#,#,#,#,#,#,‥,#,‥,#,‥,‥,‥,‥,#,‥,#,#,#,#,#,#,#,#,#,#,#,#,#,#,#,#,#,‥,#,‥,#,‥,‥,#,‥,‥,#,‥,#,#,#,#,#,#,#,#,#,#,#,#,#,#,#
#,",",",",",",",",",",#,〰,},〰,},},#,",",",",#,",",",",",",.,.,.,.,.,",",",",█,.,.,.,.,█,.,.,█,",",",",",",",",",",",",",",",",",",",",",",",",",",",",",",|,",",",",",",",",",",",",",",#,",",",",",",",",#,",",",",#,",",",",",",#,#,#,",",",",#,",",",",",",",",",",#,〰,},〰,},},〰,‥,‥,‥,‥,#,",",#,‥,#,#,#,‥,#,‥,‥,#,‥,‥,#,#,#,#,#,#,#,#,#,#,#,#,#,#,#,#,#,#,#,#,#,#,#,#,#,#,#,#,#,#,#,#,#,#,#,#,#,#,#,#,#,#,#,#,#,#,#,#,‥,#,#,#,‥,#,#,#,#,#,#,#,#,#,#,#,#,#,#,#,#,#,‥,‥,‥,‥,‥,‥,‥,‥,‥,#,#,‥,#,#,#,#,#,#,#,#,‥,#,#,#,#,#,#,‥,#,‥,#,‥,‥,#,#,‥,#,#,#,#,#,#,#,#,#,#,#,#,#,#,#,#
#,",",",",#,",",",",",",〰,},〰,〰,},‥,#,#,#,",",",",#,.,.,.,.,.,",",",",█,.,.,.,.,█,.,.,█,",",",",",",",",",",",",",",",",",",",",",",",",",",",",",",|,",",",",",",",",",",",",",",",",#,",",#,",",",",#,",",",",",",",",#,#,",",",",#,#,#,",",",",#,",",",",",",〰,},〰,〰,},〰,‥,#,‥,‥,‥,‥,#,#,‥,#,‥,#,#,#,#,‥,#,#,#,#,#,#,#,#,#,#,#,#,#,#,#,#,#,#,#,#,#,#,#,#,#,#,#,#,‥,‥,#,#,#,#,#,#,#,#,#,#,#,#,#,#,#,#,#,#,#,#,#,‥,‥,‥,#,#,#,#,#,#,#,#,#,#,#,#,#,#,#,#,#,‥,#,‥,‥,‥,#,‥,‥,‥,#,‥,#,#,#,#,#,#,#,#,#,#,#,‥,#,#,#,‥,‥,‥,‥,‥,‥,‥,‥,‥,‥,‥,#,#,#,#,#,#,#,#,#,#,#,#,#,#,#,#
#,",",#,",",#,",",",",〰,},},〰,},#,",",#,#,",",#,",",.,.,.,.,.,",",",",█,.,.,.,.,█,.,.,█,",",",",",",",",",",",",",",",",",",",",",",",",",",",",",",|,",",",",",",",",",",",",",",",",",",",",",",",",",",",",",",",",#,#,#,#,#,#,",",#,#,",",#,",",#,",",",",〰,},},〰,},〰,",",‥,",",‥,",",#,#,‥,‥,#,#,#,‥,‥,#,#,#,‥,#,#,#,#,#,#,#,#,#,#,#,#,#,#,#,#,#,#,#,#,#,#,#,#,#,#,#,#,#,#,#,#,#,#,#,#,#,#,#,#,#,#,#,#,#,#,#,#,‥,‥,‥,‥,#,#,#,#,#,#,#,#,#,#,#,#,#,#,#,#,#,#,#,#,‥,#,‥,‥,‥,‥,‥,#,#,#,#,#,#,#,#,‥,#,#,#,‥,#,‥,#,‥,‥,‥,‥,‥,‥,‥,‥,‥,‥,‥,‥,#,#,#,#,#,#,#,#,#,#,#,#,#,#,#
",",#,#,",",#,",",",",〰,},},},},‥,#,",",",",#,#,",",.,.,.,.,.,",",",",█,█,.,█,█,█,.,.,█,",",",",",",",",",",",",",",",",",",",",",",",",",",",",",",|,",",",",",",",",",",",",",",",",#,",",",",#,",",",",",",",",#,#,",",#,",",",",#,",",",",#,#,",",#,",",",",〰,},},},},〰,〰,‥,‥,‥,‥,#,‥,#,‥,‥,#,‥,#,‥,#,‥,#,#,#,#,#,#,#,#,#,#,#,#,#,#,#,#,#,#,#,#,#,#,#,#,‥,#,#,#,#,#,#,#,#,#,#,#,#,#,#,#,#,#,#,‥,#,#,#,#,‥,‥,#,‥,‥,‥,‥,#,#,#,#,#,#,#,#,#,#,#,#,#,#,#,‥,#,#,#,#,#,#,‥,‥,#,‥,#,‥,#,#,#,#,#,#,#,#,#,#,#,#,#,‥,‥,‥,‥,‥,‥,‥,‥,‥,‥,‥,‥,‥,‥,#,#,#,#,#,#,#,#,#,#,#,#,#,#
#,",",#,#,#,",",",",‥,〰,},〰,},.,.,.,.,.,.,.,.,.,.,.,.,",",",",█,.,.,█,.,.,.,.,█,",",",",",",",",",",",",",",",",",",",",",",",",",",",",",",|,",",",",",",",",#,",",",",#,",",",",",",",",",",#,",",",",#,",",#,#,#,#,",",",",#,",",#,#,#,",",",",‥,〰,},〰,},},〰,",",‥,‥,‥,#,‥,#,#,#,‥,#,‥,#,#,#,‥,#,#,#,#,#,#,#,#,#,#,#,#,#,#,#,#,#,#,#,#,#,#,‥,#,#,#,#,#,#,#,#,#,#,#,#,#,#,#,#,#,#,#,#,#,#,#,#,#,#,#,#,#,‥,#,#,#,#,#,#,#,#,#,#,#,#,#,#,‥,#,#,#,#,#,#,‥,#,#,#,#,#,#,#,#,#,#,#,#,#,#,#,#,#,#,#,#,‥,‥,‥,‥,‥,‥,‥,‥,‥,‥,‥,‥,‥,‥,#,#,#,#,#,#,#,#,#,#,#,#,#,#
",",#,",",#,",",",",",",",",〰,},〰,},.,.,.,.,.,.,.,.,.,.,.,.,",",",",█,.,.,█,.,.,.,.,█,",",",",",",",",",",",",",",",",",",",",",",",",",",",",",",|,",",",",",",",",",",",",#,#,#,",",#,",",#,",",",",#,",",#,",",",",",",#,",",#,",",#,",",#,",",",",",",",",〰,},〰,},},〰,",",‥,‥,‥,‥,#,‥,#,‥,#,#,#,#,#,‥,#,#,#,#,#,#,#,#,#,#,#,#,#,#,#,#,#,#,#,#,#,#,#,#,#,#,#,#,#,#,#,#,#,#,#,#,#,#,#,#,#,#,#,#,#,‥,#,#,#,#,#,#,#,#,#,#,#,#,#,#,#,#,#,#,#,#,#,#,#,#,#,#,#,#,#,#,#,#,#,‥,#,#,#,#,#,#,#,#,#,#,#,#,#,‥,#,‥,‥,‥,‥,‥,‥,‥,‥,‥,‥,‥,‥,‥,#,‥,‥,#,#,#,#,#,#,#,#,#,#,#,#,#
#,",",",",#,",",#,",",",",〰,},},〰,.,.,.,.,.,.,.,.,.,.,.,.,",",",",█,.,.,█,█,█,.,█,█,",",",",",",",",",",",",",",",",",",",",",",",",",",",",",",|,",",",",",",",",",",",",",",",",",",#,",",#,",",#,",",#,",",",",#,#,",",",",#,",",#,",",",",#,",",#,",",",",〰,},},〰,},〰,‥,",",‥,",",#,‥,#,‥,#,‥,#,#,‥,‥,#,#,#,#,#,#,#,#,#,#,#,#,#,#,#,#,#,‥,#,‥,‥,#,‥,#,#,#,#,#,#,#,#,#,#,#,#,#,#,#,#,#,#,#,#,#,#,#,#,#,#,#,#,#,#,#,#,#,#,#,#,#,#,#,#,#,#,#,#,#,#,#,#,#,#,#,#,#,#,#,#,#,#,#,#,#,#,#,#,#,#,#,#,#,#,#,#,#,#,‥,#,‥,‥,‥,‥,‥,‥,‥,‥,‥,‥,‥,#,#,#,#,#,#,#,#,#,#,#,#,#,#,#
.,.,.,.,.,.,.,.,.,.,.,.,.,.,.,.,.,.,.,.,.,.,.,.,",",",",█,.,.,.,.,.,.,.,█,.,.,.,",",",",",",",",",",",",",",",",",",",",",",",",|,#,",",",",",",",",",",",",#,",",",",",",#,#,",",",",#,#,#,#,",",#,#,",",#,",",#,#,#,",",",",",",",",〰,},},},〰,〰,‥,‥,‥,‥,‥,#,‥,‥,‥,#,‥,#,#,#,‥,#,#,#,#,#,#,#,#,#,#,#,‥,#,#,‥,#,#,‥,‥,‥,‥,‥,#,#,#,#,#,#,#,#,#,#,#,#,#,#,#,#,#,#,#,#,#,#,#,#,#,#,#,#,#,#,#,#,#,#,#,#,#,#,#,#,#,#,#,#,#,#,#,#,#,#,#,#,#,#,#,#,#,#,#,#,#,#,#,#,#,#,#,#,#,#,#,#,#,‥,#,‥,‥,‥,‥,‥,‥,‥,‥,‥,‥,‥,#,#,‥,#,#,#,#,#,#,#,#,#,#,#,#,#
.,.,.,.,.,.,.,.,.,.,$,.,.,.,.,.,.,.,.,.,.,.,.,.,",",",",█,.,.,.,.,.,.,.,█,.,.,.,",",",",",",",",",",",",",",",",",",",",",",",",|,#,",",",",",",",",",",",",",",",",",",",",",",",",#,#,#,",",",",",",",",",",",",#,",",",",#,",",",",",",",",",",〰,〰,〰,〰,},〰,〰,‥,#,‥,‥,‥,#,#,#,#,#,#,#,‥,#,‥,#,‥,#,#,#,#,#,#,‥,#,#,#,#,‥,‥,‥,‥,‥,‥,‥,‥,#,#,#,#,#,#,#,#,#,#,#,#,#,#,#,#,#,#,#,#,#,#,#,#,#,#,#,#,#,#,#,#,#,#,#,#,#,#,#,#,#,#,#,#,#,#,#,#,#,#,#,#,#,#,#,#,#,#,#,#,#,#,#,#,#,#,#,#,#,#,#,#,#,#,‥,‥,‥,‥,‥,‥,‥,‥,‥,‥,‥,‥,‥,‥,‥,#,#,#,#,#,#,#,#,#,#,#,#,#,#
.,.,.,.,.,.,.,.,.,.,.,.,.,.,.,.,.,.,.,.,.,.,.,.,",",",",█,.,.,.,.,.,.,.,█,.,.,.,",",",",",",",",",",",",",",",",",",",",",",",",|,",",",",",",",",",",",",",",",",",",",",",",",",",",",",",",",",",",#,#,#,#,#,#,#,#,",",#,",",#,",",‥,〰,},},},},〰,〰,〰,‥,‥,‥,‥,‥,#,‥,#,‥,#,‥,‥,#,#,‥,#,#,#,#,#,#,#,#,#,#,#,‥,#,#,‥,‥,‥,‥,‥,‥,‥,#,#,#,#,#,#,#,#,#,#,#,#,#,#,#,#,#,#,#,#,#,#,#,#,#,#,#,#,#,#,#,#,#,#,#,#,#,#,#,#,#,#,#,#,#,#,#,#,#,#,#,#,#,#,#,#,#,#,#,#,#,#,#,#,#,#,#,#,#,#,#,#,#,#,#,‥,#,‥,‥,‥,‥,‥,‥,‥,‥,‥,‥,#,#,#,#,#,#,#,#,#,#,#,#,#,#,#
.,.,.,.,.,.,.,.,.,.,.,.,.,.,.,.,.,.,.,.,.,.,.,.,",",",",█,.,.,.,.,.,.,.,█,.,.,.,",",",",",",",",",",",",",",",",",",",",",",",",|,",",",",",",",",",",",",",",",",",",",",#,",",",",",",",",",",",",",",#,",",#,#,#,",",#,#,",",#,",",",",",",#,〰,},},〰,〰,#,〰,〰,‥,",",‥,#,#,#,#,#,#,#,#,‥,#,‥,#,#,#,#,#,#,‥,#,#,#,‥,#,‥,‥,‥,‥,‥,‥,‥,‥,‥,#,#,#,#,#,#,#,#,#,#,#,#,#,#,#,#,#,#,#,#,#,#,#,#,#,#,#,#,#,#,#,#,#,#,#,#,#,#,#,#,#,#,#,#,#,#,#,#,#,#,#,#,#,#,#,#,#,#,#,#,#,#,#,#,#,#,#,‥,#,#,#,#,#,#,#,‥,#,#,‥,‥,‥,‥,‥,‥,#,‥,#,#,#,#,#,#,#,#,#,#,#,#,#,#,#,#
.,.,.,.,.,.,.,.,.,.,.,.,.,.,.,.,.,.,.,.,.,.,.,.,.,.,Π,.,.,.,.,.,.,.,█,.,.,.,",",",",",",",",",",",",",",",",",",",",",",‥,‥,‥,‥,‥,‥,",",‥,",",‥,‥,‥,‥,",",",",‥,‥,",",‥,",",‥,",",#,‥,#,",",#,",",",",‥,‥,‥,〰,〰,〰,},〰,〰,〰,〰,〰,〰,‥,‥,‥,#,",",#,#,#,‥,‥,#,#,‥,#,‥,#,#,‥,#,#,#,#,‥,#,#,‥,#,#,‥,‥,‥,‥,‥,#,#,#,#,#,#,#,#,#,#,#,#,#,#,#,#,#,#,#,#,#,#,#,#,#,#,#,#,#,#,#,#,#,#,#,#,#,#,#,#,#,#,‥,#,#,#,#,#,#,#,#,#,#,#,#,#,#,#,#,#,#,#,#,#,#,#,#,#,#,‥,#,#,#,#,#,#,#,#,#,‥,#,#,‥,‥,#,#,‥,#,#,#,#,#,#,#,#,#,#,#,#,#,#,#,#,#
.,.,.,.,.,.,.,.,.,.,.,.,.,.,.,.,.,.,.,.,.,.,.,.,",",",",█,.,.,.,.,.,.,.,█,.,.,.,",",",",",",",",",",",",",",",",‥,",",‥,‥,‥,‥,‥,‥,",",‥,",",‥,",",‥,",",",",‥,‥,‥,",",",",‥,‥,",",‥,‥,‥,‥,‥,",",‥,",",‥,‥,〰,〰,〰,〰,〰,},〰,〰,〰,〰,‥,‥,‥,#,‥,#,#,‥,‥,‥,#,‥,‥,#,#,‥,#,#,#,#,#,#,#,#,#,#,#,#,‥,#,‥,‥,‥,#,‥,#,#,#,#,#,#,#,#,#,#,#,#,#,#,#,#,#,#,#,#,#,#,#,#,#,#,#,#,#,#,#,#,#,#,#,#,#,#,#,#,#,#,#,#,‥,#,#,#,#,#,#,#,#,#,#,#,#,#,#,#,#,#,#,#,#,#,#,#,‥,#,#,#,#,#,#,#,#,‥,#,#,‥,‥,#,#,#,#,#,#,#,#,#,#,#,#,#,#,#,#,#,#,#,#,#
.,.,.,.,.,.,.,.,.,.,.,.,.,.,.,.,.,.,.,.,.,.,.,.,",",",",█,█,█,█,█,█,█,█,█,",",",",",",",",",",",",",",",",",",",",",",",",",",",",",",",",",",",",",",",",",",",",",",",",",",",",",",",",",",",",",",",",",",",",#,",",",",#,",",",",",",",",",",",",‥,〰,〰,〰,〰,},},},〰,〰,〰,‥,‥,‥,‥,‥,#,‥,#,#,‥,‥,#,#,#,#,#,#,#,#,#,#,#,#,#,#,#,#,#,#,#,#,‥,#,‥,#,#,#,#,#,#,#,#,#,#,#,#,#,#,#,#,#,#,#,#,#,#,#,#,#,#,#,#,#,#,#,#,#,#,#,#,#,#,‥,#,#,#,#,‥,#,#,#,#,#,#,#,#,#,#,#,#,#,#,#,#,#,#,#,#,#,#,#,#,#,#,#,#,#,#,#,#,#,#,#,#,‥,#,#,#,‥,#,#,#,#,#,#,#,#,#,#,#,#,#,#,#,#,#,#,#
.,.,.,.,.,.,.,.,.,.,.,.,.,.,.,.,.,.,.,.,.,.,.,.,",",",",",",",",",",",",",",",",",",",",",",",",",",",",",",",",",",",",",",",",",",",",",",",",",",",",|,",",",",",",",",",",",",",",",",",",",",",",",",",",",",",",",",",",",",",",",",#,",",",",",",",",#,",",",",",",",",〰,〰,},},〰,〰,〰,#,‥,‥,‥,‥,‥,‥,‥,‥,#,‥,#,‥,#,‥,#,#,#,#,#,#,#,#,#,#,#,#,#,#,#,#,#,#,#,#,#,#,#,#,#,#,#,#,#,#,#,#,#,#,#,#,#,#,#,#,#,#,#,#,#,#,#,#,#,#,#,#,#,#,#,#,#,#,#,#,‥,‥,‥,‥,#,‥,#,#,#,#,#,#,#,#,#,#,#,‥,#,#,#,#,#,#,#,‥,#,#,#,#,#,#,#,#,#,#,#,#,#,#,#,#,#,#,#,#,#,#,#,#,#,#,#,#,#,#,#,#,#,#,#,#,#,#,#
.,.,.,.,.,.,.,.,.,.,.,.,.,.,.,.,.,.,.,.,.,.,.,.,",",",",",",",",",",",",",",",",",",",",",",",",",",",",",",",",",",",",",",",",",",",",",",",",",",",",|,",",",",",",",",",",",",",",",",",",",",",",",",",",",",",",",",",",#,#,#,",",",",#,#,",",",",",",",",",",",",#,〰,〰,},},},〰,〰,‥,‥,‥,‥,‥,#,‥,#,‥,#,‥,#,#,#,‥,#,#,#,#,#,#,#,#,#,#,#,#,#,#,#,#,#,#,#,#,#,#,#,#,#,#,#,#,#,#,#,#,#,#,#,#,#,#,#,#,#,#,#,#,#,#,#,#,#,#,#,#,#,#,#,#,#,#,‥,‥,‥,‥,‥,‥,#,#,#,#,#,#,#,#,#,#,#,#,#,#,#,#,#,#,#,#,#,#,#,#,#,#,#,#,#,#,#,#,#,#,#,#,#,#,#,#,#,#,#,#,#,#,#,#,#,#,#,#,#,#,#,#,#,#,#,#
.,.,.,.,.,.,.,.,.,.,.,.,.,.,.,.,.,.,.,.,.,.,.,.,",",",",",",",",",",",",",",",",",",",",",",",",",",",",",",",",",",",",",",",",",",",",",",",",",",",",|,",",",",",",",",",",",",",",",",",",",",",",",",",",",",",",",",#,#,",",#,#,",",#,",",#,#,",",",",",",",",",",〰,},〰,},〰,〰,〰,‥,‥,‥,#,#,‥,#,‥,‥,#,#,‥,#,‥,#,#,#,#,#,#,#,#,#,#,#,#,#,#,#,#,#,#,#,#,#,#,#,#,#,#,#,#,#,#,#,#,#,#,#,#,#,#,#,#,#,#,#,#,#,#,#,#,#,#,#,#,#,#,#,#,#,#,‥,‥,‥,‥,‥,‥,#,#,#,#,#,#,#,#,#,#,#,#,#,#,#,#,#,#,#,#,#,#,#,#,#,#,#,#,#,#,#,#,#,#,#,#,#,#,#,#,#,#,#,#,#,#,#,#,#,#,#,#,#,#,#,#,#,#,#,#,#
.,.,.,.,.,.,.,.,.,.,.,.,.,.,.,.,.,.,.,.,.,.,.,.,",",",",",",",",",",",",",",",",",",",",",",",",",",",",",",",",",",",",",",",",",",",",",",",",#,",",|,",",",",",",",",",",",",",",",",",",",",",",",",",",",",",",#,",",#,#,#,",",#,#,#,#,",",#,",",",",",",",",",",〰,},},},〰,〰,‥,‥,‥,‥,‥,#,‥,#,#,#,#,#,#,#,#,#,#,#,#,#,#,#,#,#,#,#,#,#,#,#,#,#,#,#,#,#,#,#,#,#,#,#,#,#,#,#,#,#,#,#,#,#,#,#,#,‥,#,#,#,#,#,#,#,#,#,#,#,#,#,#,#,‥,‥,‥,‥,‥,‥,#,‥,#,#,#,#,#,#,#,#,#,#,#,#,#,#,#,#,#,#,#,#,#,#,#,#,#,#,#,#,#,#,#,#,#,#,#,#,#,#,#,#,#,#,#,#,#,#,#,#,#,#,#,#,#,#,#,#,#,#,#,#
.,.,.,.,.,.,.,.,.,.,.,.,.,.,.,.,.,.,.,.,.,.,.,.,",",",",",",",",",",",",",",",",",",",",",",",",",",",",",",",",",",",",",",",",",",",",",",",",",",",",|,",",",",",",",",",",",",",",",",",",",",#,",",",",#,",",",",#,#,",",#,",",#,#,",",",",#,#,",",",",",",",",",",〰,〰,〰,},〰,〰,〰,‥,‥,#,‥,‥,#,#,#,‥,#,‥,#,#,‥,#,#,#,#,#,#,#,#,#,#,#,#,#,#,#,#,#,#,#,#,#,#,#,#,#,#,#,#,#,#,#,#,#,#,#,#,#,#,#,#,#,#,#,#,#,#,#,#,#,#,#,#,#,‥,#,#,#,‥,‥,‥,‥,‥,#,#,#,#,#,#,#,#,#,#,#,#,#,#,#,#,#,#,#,#,#,#,#,#,#,#,#,#,#,#,#,#,#,#,#,#,#,#,#,#,#,#,#,#,#,#,#,#,#,#,#,#,#,#,#,#,#,#,#,#,#,#
.,.,.,.,.,.,.,.,.,.,.,.,.,.,.,.,.,.,.,.,.,.,.,.,",",",",",",",",",",",",",",",",",",",",",",",",",",",",",",",",",",",",",",",",",",",",",",",",",",",",|,",",",",",",",",",",",",",",",",#,",",",",",",",",",",",",#,#,",",#,#,#,#,",",",",#,",",#,",",#,#,",",",",〰,〰,},},},〰,〰,‥,‥,‥,#,‥,‥,‥,‥,#,#,#,‥,#,#,#,#,#,#,#,#,#,#,#,#,#,#,#,#,#,#,#,#,#,#,#,#,#,#,#,#,#,#,#,#,#,#,#,#,#,#,#,#,#,#,#,#,#,#,#,#,#,#,#,#,#,#,#,#,#,#,#,‥,‥,‥,#,#,#,#,#,#,#,#,#,#,#,#,#,#,#,#,#,#,#,#,#,#,#,#,#,#,#,#,#,#,#,#,#,#,#,#,#,#,#,#,#,#,#,#,#,#,#,#,#,#,#,#,#,#,#,#,#,#,#,#,#,#,#,#
.,.,.,.,.,.,.,.,.,.,.,.,.,.,.,.,.,.,.,.,.,.,.,.,",",",",",",",",",",",",",",",",",",",",",",",",",",",",",",",",",",",",",",",",",",",",",",",",",",",",|,",",",",",",",",",",",",",",",",",",#,",",",",#,",",#,#,",",#,#,",",",",",",#,#,",",#,",",#,#,",",#,",",",",〰,},},},},〰,‥,‥,#,‥,#,#,‥,#,‥,‥,‥,#,‥,#,#,#,#,#,#,#,#,#,#,#,#,#,#,#,#,#,#,#,#,#,#,#,#,#,#,#,#,#,#,#,#,‥,#,#,#,#,#,#,#,#,#,#,#,#,#,#,#,#,#,#,#,#,‥,#,#,#,‥,#,‥,#,‥,#,#,#,#,#,#,#,#,#,#,#,#,#,#,#,#,#,#,‥,#,#,#,#,#,#,#,#,#,#,#,#,#,#,#,#,#,#,#,#,#,#,#,#,#,#,#,#,#,#,#,#,#,#,#,#,#,#,#,#,#,#,#,#
.,.,.,.,.,.,.,.,.,.,.,.,.,.,.,.,.,.,.,.,.,.,.,.,",",",",",",",",",",",",",",",",",",",",",",",",",",",",",",",",",",",",",",",",",",",",",",",",",",",",|,",",",",",",",",",",",",",",",",#,#,",",#,",",",",",",",",#,",",",",#,",",#,",",#,",",#,",",#,",",#,#,",",",",〰,〰,},〰,},〰,‥,‥,#,‥,‥,‥,#,#,#,‥,#,#,#,#,#,#,#,#,#,#,#,#,#,#,#,#,#,#,#,#,#,#,#,#,#,#,#,#,#,#,#,#,#,#,#,#,#,#,#,#,#,#,#,#,#,#,#,#,#,#,#,‥,#,‥,‥,‥,‥,#,#,‥,#,#,#,#,#,#,#,#,#,#,#,#,#,#,#,#,#,#,#,#,#,#,#,#,#,#,#,#,#,#,#,#,#,#,#,#,#,#,#,#,#,#,#,#,#,#,#,#,#,#,#,#,#,#,#,#,#,#,#,#,#,#,#,#,#,#,#,#
.,.,.,.,.,.,.,.,.,.,.,.,.,.,.,.,.,.,.,.,.,.,.,.,",",",",",",",",",",",",",",",",",",",",",",",",",",",",",",",",",",",",",",",",",",",",",",",",",",",",|,",",",",",",",",",",",",",",",",",",",",#,",",",",#,",",",",",",#,#,",",#,",",",",#,#,",",#,",",#,#,",",",",",",‥,〰,},},#,〰,‥,‥,‥,#,‥,#,‥,#,‥,#,‥,#,#,#,#,#,#,‥,#,#,#,#,#,#,#,#,#,#,#,#,#,#,#,#,#,#,#,#,#,#,#,#,‥,#,#,#,#,#,#,#,#,#,#,#,#,#,#,#,#,#,#,#,‥,‥,‥,‥,‥,‥,‥,#,#,#,#,#,#,#,#,#,#,#,#,#,#,#,#,#,#,#,#,‥,#,#,#,#,#,#,#,#,#,#,#,#,#,#,#,#,#,#,#,#,#,#,#,#,#,#,#,#,#,#,#,#,#,#,#,#,#,#,#,#,#,#,#,#,#,#,#,#
.,.,.,.,.,.,.,.,.,.,.,.,.,.,.,.,.,.,.,.,.,.,.,.,",",",",",",",",",",",",",",",",",",",",",",",",",",",",",",",",",",",",",",",",",",",",",",",",",",",",|,",",",",",",",",",",",",",",",",#,",",",",",",",",",",",",#,",",",",",",#,",",#,#,#,#,#,#,#,#,",",",",",",#,‥,〰,},#,},〰,‥,‥,#,‥,#,‥,#,#,#,#,‥,‥,#,#,#,‥,#,#,#,#,#,#,#,#,#,#,#,#,#,#,#,#,#,#,#,#,#,#,#,#,#,#,#,#,#,#,#,#,#,#,#,#,#,#,#,#,#,#,#,#,#,‥,#,‥,‥,‥,‥,‥,#,#,#,#,#,#,#,#,#,#,#,#,#,#,#,#,#,#,#,#,#,#,#,#,#,#,#,#,#,#,#,#,#,#,#,#,#,#,#,#,#,#,#,#,#,#,#,#,#,#,#,#,#,#,#,#,#,#,#,#,#,#,#,#,#,#,#,#,#,#
.,.,.,.,.,.,.,.,.,.,.,.,.,.,.,.,.,.,.,.,.,.,.,.,",",",",",",",",",",",",",",",",",",",",",",",",",",",",",",",",",",",",",",",",",",",",",",",",",",",",|,",",",",",",",",",",#,",",#,#,",",",",",",#,",",#,#,",",#,",",",",#,#,#,",",#,",",#,",",#,#,",",",",",",〰,〰,},},},〰,‥,‥,#,#,‥,#,",",‥,‥,#,#,#,#,#,#,#,#,#,#,#,#,#,#,#,#,#,#,#,#,#,#,#,#,#,#,#,#,#,#,#,#,#,#,#,#,#,#,#,#,#,#,#,#,#,#,#,#,#,#,#,#,‥,‥,‥,‥,‥,‥,‥,#,#,#,#,#,#,#,#,#,#,#,#,#,#,#,#,#,#,#,#,#,#,#,‥,#,#,#,#,#,#,#,#,#,#,#,#,#,#,#,#,#,#,#,#,#,#,#,‥,#,‥,#,‥,#,#,#,#,#,#,#,#,#,#,#,#,#,#,#,#,#,#
.,.,.,.,.,.,.,.,.,.,.,.,.,.,.,.,.,.,.,.,.,.,.,.,",",",",",",",",",",",",",",",",",",",",",",",",",",",",",",",",",",",",",",",",",",",",",",",",",",",",|,#,",",",",",",",",",",",",",",#,",",",",",",",",",",",",#,#,",",#,",",",",",",",",#,#,#,",",",",#,",",",",",",",",〰,},},},〰,〰,‥,‥,#,‥,‥,#,‥,#,#,‥,#,‥,#,#,#,#,#,#,#,#,#,#,#,#,#,#,#,#,#,#,#,#,#,#,#,#,#,#,#,#,#,#,#,#,#,#,#,#,#,#,#,#,#,#,#,#,#,#,#,#,‥,#,‥,‥,‥,‥,‥,‥,#,#,#,#,#,#,#,#,#,#,#,#,#,#,#,#,#,#,#,#,#,#,#,#,#,#,#,#,#,#,#,#,#,#,#,#,#,#,#,#,#,#,‥,‥,#,#,#,#,‥,‥,‥,‥,#,#,#,#,#,#,#,#,#,#,#,#,#,#,#,#,#,#
.,.,.,.,.,.,.,.,.,.,.,.,.,.,.,.,.,.,.,.,.,.,.,.,",",",",",",",",",",",",",",",",",",",",",",",",",",",",",",",",",",",",",",",",",",",",",",#,",",",",|,",",",",",",",",",",",",",",#,",",",",",",",",",",",",",",#,",",#,",",#,#,",",#,",",",",",",#,",",",",#,",",",",〰,〰,},〰,},〰,‥,‥,",",‥,‥,‥,",",‥,#,‥,‥,‥,#,#,#,#,#,#,#,#,#,#,#,#,#,#,#,#,#,#,#,#,#,#,#,#,#,#,#,#,#,#,#,#,#,#,#,#,#,#,#,#,#,#,#,#,#,#,‥,#,#,#,‥,#,‥,‥,‥,#,#,#,#,#,#,#,#,#,#,#,#,#,‥,#,#,#,#,#,#,#,#,#,#,#,#,#,#,#,#,#,#,#,#,#,#,#,#,#,#,#,#,‥,#,‥,#,#,#,#,‥,‥,‥,‥,‥,#,‥,#,#,#,#,#,#,#,#,#,#,#,#,#,#,#,#
.,.,.,.,.,.,.,.,.,.,.,.,.,.,.,.,.,.,.,.,.,.,.,.,",",",",",",",",",",",",",",",",",",",",",",",",",",",",",",",",",",",",",",",",",",",",",",",",",",",",|,#,",",",",",",",",",",",",",",",",",",#,",",",",#,",",",",#,#,",",",",",",#,#,#,",",#,",",#,",",",",",",",",〰,〰,〰,},},〰,‥,‥,‥,‥,‥,#,#,‥,‥,‥,#,‥,#,#,#,#,#,#,#,#,#,#,#,#,#,#,#,#,#,#,#,#,#,#,#,#,‥,#,#,#,#,#,#,#,#,#,#,#,#,#,#,#,#,#,#,#,#,#,#,#,#,#,#,‥,‥,‥,#,‥,#,#,#,#,#,#,#,#,#,#,#,#,#,#,#,#,#,#,#,#,#,#,#,#,#,#,#,#,#,#,#,#,#,#,#,#,#,#,#,#,#,#,#,#,#,#,#,‥,‥,‥,‥,‥,‥,‥,#,#,#,#,#,#,#,#,#,#,#,#,#,#,#,#,#
.,.,.,.,.,.,.,.,.,.,.,.,.,.,.,.,.,.,.,.,.,.,.,.,",",",",",",",",",",",",",",",",",",",",",",",",",",",",",",",",",",",",",",",",",",",",",",",",",",",",|,#,",",",",",",",",",",#,",",#,",",",",#,",",",",#,",",#,",",#,",",#,",",#,",",#,",",#,",",#,",",",",",",",",〰,},#,},〰,‥,‥,#,‥,‥,‥,#,‥,#,#,‥,#,#,‥,#,#,#,#,#,#,#,#,#,#,#,#,#,#,#,#,#,#,#,#,#,#,#,#,#,#,#,#,#,#,#,#,#,#,#,#,#,#,#,#,#,#,‥,#,‥,#,‥,#,#,#,#,#,#,#,#,#,#,#,#,#,#,#,#,#,#,#,#,#,#,#,#,#,#,#,#,#,#,#,#,#,#,#,#,#,#,#,#,#,#,#,#,#,#,‥,#,#,#,#,#,#,‥,‥,‥,‥,‥,‥,‥,‥,‥,#,#,#,#,#,#,#,#,#,#,#,#,#,#,#,#
.,.,.,.,.,.,.,.,.,.,.,.,.,.,.,.,.,.,.,.,.,.,.,.,",",",",",",",",",",",",",",",",",",",",",",",",",",",",",",",",",",",",",",",",",",",",",",",",",",",",|,#,",",",",",",",",#,",",",",",",",",",",",",#,",",",",",",",",#,",",#,",",#,#,#,#,",",",",#,",",",",",",",",〰,〰,},},},〰,‥,‥,‥,‥,#,‥,‥,‥,#,‥,#,#,#,#,#,#,#,#,#,#,#,#,#,#,#,#,#,#,#,#,#,#,#,#,#,#,#,#,#,#,#,#,#,#,#,#,#,#,#,#,#,#,#,#,#,#,#,#,#,#,#,#,#,#,#,#,#,#,#,#,#,#,#,#,#,#,#,#,#,#,#,#,#,#,#,#,#,#,#,#,#,#,#,#,#,#,#,#,#,#,#,#,#,#,#,#,#,#,#,#,#,#,#,#,#,‥,‥,‥,‥,‥,‥,‥,#,#,#,#,#,#,#,#,#,#,#,#,#,#,#,#,#
.,.,.,.,.,.,.,.,.,.,.,.,.,.,.,.,.,.,.,.,.,.,.,.,",",",",",",",",",",",",",",",",",",",",",",",",",",",",",",",",",",",",",",",",",",",",",",",",",",",",|,",",",",",",",",",",",",",",",",",",",",#,",",",",#,#,",",",",#,#,",",#,",",",",",",#,#,#,#,",",",",",",",",〰,〰,},},},〰,‥,‥,‥,",",#,‥,#,‥,‥,#,‥,‥,‥,#,#,#,#,#,#,#,#,#,#,#,#,#,#,#,#,#,#,#,#,#,#,#,#,#,#,#,#,#,#,#,#,#,#,#,#,#,#,#,#,#,#,#,#,#,#,#,#,#,#,#,#,#,#,#,#,#,#,#,#,#,#,#,#,#,#,#,#,#,#,#,#,#,#,‥,#,#,#,#,#,#,#,#,#,#,#,#,#,#,#,#,#,#,#,#,#,#,#,#,#,#,‥,#,#,‥,#,‥,‥,#,#,#,#,#,#,#,#,#,#,#,#,#,#,#,#,#,#
.,.,.,.,.,.,.,.,.,.,.,.,.,.,.,.,.,.,.,.,.,.,.,.,",",",",",",",",",",",",",",",",",",",",",",",",",",",",",",",",",",",",",",",",",",",",",",",",",",",",|,",",",",",",#,",",",",#,",",#,",",",",",",",",#,",",",",#,#,",",",",#,",",#,#,",",#,",",#,",",#,",",〰,〰,},},#,〰,‥,‥,",",#,#,‥,‥,#,#,#,‥,‥,#,#,‥,#,#,#,#,#,#,#,#,#,#,#,#,#,#,#,#,#,#,#,#,#,#,#,#,#,#,#,#,#,#,#,#,#,#,#,#,#,#,#,#,#,#,#,#,‥,#,#,#,#,#,#,#,#,#,#,#,#,#,#,#,#,#,#,#,#,#,#,#,#,#,#,#,#,#,#,#,#,#,#,#,#,#,#,#,#,#,#,#,#,#,#,#,#,#,#,#,#,#,#,#,#,#,‥,#,‥,#,#,‥,#,#,#,#,#,#,#,#,#,#,#,#,#,#,#,#,#
.,.,.,.,.,.,.,.,.,.,.,.,.,.,.,.,.,.,.,.,.,.,.,.,",",",",",",",",",",",",",",",",",",",",",",",",",",",",",",",",",",",",",",",",",",",",",",",",",",",",|,",",",",",",",",",",",",#,",",",",",",#,",",#,",",",",#,",",#,",",#,",",#,#,",",",",#,",",",",",",",",",",〰,},},},〰,〰,‥,",",‥,#,‥,‥,‥,‥,‥,‥,‥,#,#,‥,‥,#,#,#,#,#,#,#,#,#,#,#,#,#,#,#,#,#,#,#,#,#,#,#,#,#,#,#,#,#,#,#,#,#,#,#,#,#,#,#,#,#,#,#,#,#,‥,#,#,#,#,#,#,#,#,#,#,#,#,#,#,#,#,#,#,#,#,#,#,#,#,#,#,#,#,#,#,#,#,#,#,#,#,#,#,#,#,#,#,#,#,#,#,#,#,#,#,#,#,#,#,#,#,#,#,#,‥,#,#,#,#,#,#,#,#,#,#,#,#,#,#,#,#,#,#,#
.,.,.,.,.,.,.,.,.,.,.,.,.,.,.,.,.,.,.,.,.,.,.,.,",",",",█,█,█,█,█,█,█,█,█,",",",",",",",",",",",",",",",",",",",",",",",",",",",",",",|,",",",",",",",",#,",",",",",",#,",",",",#,",",",",",",#,",",",",#,",",#,",",#,",",#,",",#,#,",",",",〰,},},},〰,〰,‥,‥,‥,‥,‥,‥,‥,‥,#,‥,#,#,#,‥,#,‥,#,#,#,#,#,#,#,#,#,#,#,#,#,#,#,#,#,#,#,#,#,#,#,#,#,#,#,#,#,#,#,#,#,#,‥,#,#,#,#,#,#,#,#,#,#,#,#,‥,#,#,#,#,#,#,#,#,#,#,#,#,#,#,#,#,#,#,#,#,#,#,#,#,#,#,#,#,#,#,#,#,#,#,#,#,#,#,#,#,#,#,#,#,#,#,#,#,#,#,#,#,#,#,‥,#,#,#,#,#,#,#,#,#,#,#,#,#,#,#,#,#,#,#,#,#,#
.,.,.,.,.,.,.,.,.,.,.,.,.,.,.,.,.,.,.,.,.,.,.,.,",",",",█,.,.,.,.,█,.,.,█,",",",",",",",",",",",",",",",",",",",",",",",",",",",",",",|,",",",",",",",",",",",",#,",",",",#,",",",",#,",",#,#,#,#,",",",",",",#,",",#,",",",",",",",",",",",",〰,},},},〰,‥,‥,",",",",#,‥,‥,‥,#,‥,#,",",‥,#,‥,#,#,#,#,#,#,#,#,#,#,#,#,#,#,#,#,#,#,#,#,#,#,#,#,#,#,#,#,#,#,#,#,#,#,#,#,#,#,#,#,#,#,#,#,#,#,#,#,#,#,‥,#,#,‥,#,‥,#,#,#,#,#,#,#,#,#,#,#,#,#,#,#,#,#,#,#,#,#,#,#,#,#,#,#,#,#,#,#,#,#,#,#,#,#,#,#,#,#,#,#,#,#,#,#,#,#,#,#,#,#,#,#,#,#,#,#,#,#,#,#,#,#,#,#,#,#,#,#
.,.,.,.,.,.,.,.,.,.,.,.,.,.,.,.,.,.,.,.,.,.,.,.,",",",",█,.,.,.,.,█,.,.,█,",",",",",",",",",",",",",",",",",",",",",",",",#,",",",",|,",",",",",",",",",",",",",",",",",",",",",",",",#,",",",",#,#,",",#,#,#,",",",",#,",",#,",",",",",",",",〰,},},〰,〰,‥,‥,",",",",‥,‥,#,‥,#,‥,#,#,‥,‥,#,‥,#,#,#,‥,#,#,#,#,#,#,#,#,#,#,#,#,#,#,#,#,#,#,#,#,#,#,#,#,#,#,#,#,#,‥,#,#,#,#,#,#,#,#,#,#,#,#,#,#,#,#,‥,#,#,#,#,#,#,#,#,#,#,‥,‥,#,#,#,#,#,#,#,#,#,#,#,#,#,#,#,#,#,#,#,#,#,#,#,#,#,#,#,#,#,#,#,#,#,#,#,#,#,#,#,#,#,#,#,#,#,#,#,#,#,#,#,#,#,#,#,#,#,#,#,#,#,#,#
.,.,.,.,.,.,.,.,.,.,.,.,.,.,.,.,.,.,.,.,.,.,.,.,",",",",█,.,.,.,.,█,.,.,█,",",",",",",",",",",",",",",",",",",",",",",",",",",",",",",|,",",",",",",",",",",",",",",#,",",",",",",#,",",#,#,#,#,#,",",#,",",#,#,#,",",",",#,",",",",",",〰,},〰,〰,〰,‥,",",",",",",‥,#,‥,‥,‥,#,‥,‥,#,#,#,‥,#,#,#,#,#,#,#,#,#,#,#,#,#,#,#,#,#,#,#,#,#,#,#,#,#,#,#,#,#,#,#,#,‥,#,#,#,#,#,#,#,#,#,#,#,#,#,#,#,#,#,#,#,#,#,#,#,#,#,#,#,#,#,#,#,#,#,#,#,#,#,#,#,#,#,#,#,#,#,#,#,#,#,#,#,#,#,#,#,#,#,#,#,#,#,#,#,#,#,#,#,#,#,#,#,#,#,#,#,#,#,#,#,#,#,#,#,#,#,#,#,#,#,#,#,#,#
.,.,.,.,.,.,.,.,.,.,.,.,.,.,.,.,.,.,.,.,.,.,.,.,",",",",█,█,.,█,█,█,.,.,█,",",",",",",",",",",",",",",",",",",",",",",",",",",",",",",|,",",",",",",",",",",",",",",",",",",",",",",",",#,",",",",#,#,#,#,#,",",#,",",",",",",#,",",",",",",",",〰,},},〰,〰,‥,",",‥,‥,",",‥,‥,#,",",‥,#,#,‥,#,‥,‥,‥,#,#,#,#,#,#,#,#,#,#,#,#,#,#,#,#,#,#,#,#,#,#,#,#,#,#,#,#,#,#,#,‥,#,#,#,#,#,#,#,#,#,#,#,#,#,#,#,#,#,#,#,#,#,#,#,#,‥,#,#,#,#,#,#,#,#,#,#,#,#,#,#,#,#,#,#,#,#,#,#,#,#,#,#,#,#,#,#,#,#,#,#,#,#,#,#,#,#,#,#,#,#,#,#,#,#,#,#,#,#,#,#,#,#,#,#,#,#,#,#,#,#,#,#,#,#
.,.,.,.,.,.,.,.,.,.,.,.,.,.,.,.,.,.,.,.,.,.,.,.,",",",",█,.,.,█,.,.,.,.,█,",",",",",",",",",",",",",",",",",",",",",",",",",",",",",",|,",",",",",",",",",",",",",",#,",",",",#,",",",",#,",",#,",",",",#,#,",",#,",",",",",",#,",",",",",",〰,〰,},},},〰,‥,",",",",‥,‥,‥,‥,‥,#,#,#,‥,#,‥,#,‥,#,#,#,#,#,#,#,#,#,#,#,#,#,#,#,#,#,#,#,#,#,‥,#,‥,#,#,#,#,#,#,#,#,#,#,#,#,#,#,#,#,#,#,#,#,#,#,#,#,#,#,#,#,#,#,#,#,#,#,#,#,#,#,#,#,#,‥,#,#,#,#,#,#,#,#,#,#,#,#,#,#,#,#,#,#,#,#,#,#,#,#,#,#,#,#,#,#,#,#,#,#,#,#,#,#,#,#,#,#,#,#,#,#,#,#,#,#,#,#,#,#,#,#,#,#,#,#
.,.,.,.,.,.,.,.,.,.,.,.,.,.,.,.,.,.,.,.,.,.,.,.,",",",",█,.,.,█,.,.,.,.,█,",",",",",",",",",",",",",",",",",",",",",",",",",",",",",",|,",",",",",",",",",",",",",",",",",",",",",",",",#,",",",",#,#,",",#,",",#,",",#,#,",",",",",",",",",",〰,},},},〰,‥,‥,‥,‥,‥,‥,‥,‥,#,‥,‥,‥,#,#,#,‥,‥,#,#,#,#,#,#,#,#,#,#,#,#,#,#,#,‥,#,#,#,‥,‥,#,‥,‥,‥,#,#,‥,#,‥,#,#,#,#,#,#,#,#,#,#,#,#,#,#,#,#,#,#,#,#,#,#,#,#,#,#,#,#,#,#,#,#,#,#,#,#,#,‥,‥,#,#,#,#,#,#,#,#,#,#,#,#,#,#,#,#,#,#,#,#,#,#,#,#,#,#,#,#,#,‥,#,#,#,#,#,#,#,#,#,#,#,#,#,#,#,#,#,#,#,#,#,#,#,#,#,#,#
.,.,.,.,.,.,.,.,.,.,.,.,.,.,.,.,.,.,.,.,.,.,.,.,",",",",█,.,.,█,█,█,.,█,█,",",",",",",",",",",",",",",",",",",",",",",",",",",",",",",|,",",",",",",",",",",",",",",",",",",",",",",",",#,",",#,",",",",#,",",#,",",#,#,",",",",#,",",",",",",〰,〰,},},〰,〰,‥,‥,‥,‥,‥,#,‥,‥,‥,‥,#,#,‥,‥,#,#,#,#,#,#,#,#,#,#,#,#,#,#,#,#,#,#,#,#,#,#,‥,‥,‥,‥,#,‥,‥,‥,‥,‥,‥,#,#,#,#,#,#,#,#,#,#,#,#,#,#,#,#,#,#,#,#,#,#,#,#,#,#,#,#,#,#,#,#,#,#,#,#,#,‥,‥,#,#,‥,#,‥,#,#,#,#,#,#,#,#,#,#,#,#,#,#,#,#,#,#,#,#,#,#,#,#,#,#,#,#,#,#,#,#,#,#,#,#,#,#,#,#,#,#,#,#,#,#,#,#,#,#,#
.,.,.,.,.,.,.,.,.,.,.,.,.,.,.,.,.,.,.,.,.,.,.,.,",",",",█,.,.,.,.,.,.,.,█,.,.,.,",",",",",",",",",",",",",",",",",",",",",",",",|,",",",",",",",",",",",",#,",",",",",",",",",",",",",",",",#,#,",",#,",",#,#,",",#,",",#,",",",",〰,〰,},},},},〰,‥,‥,‥,‥,‥,‥,‥,‥,#,#,#,#,#,#,‥,#,#,‥,#,#,#,#,#,‥,#,#,#,#,#,#,#,#,#,#,#,‥,‥,‥,‥,‥,‥,‥,‥,‥,‥,‥,#,#,#,#,#,#,#,#,#,#,#,#,#,#,#,#,#,#,#,#,#,#,#,#,#,#,#,#,#,#,#,#,#,#,#,#,#,#,#,#,‥,#,#,#,#,‥,#,#,#,#,#,#,#,#,#,#,#,#,#,#,#,#,#,#,#,#,#,#,#,#,#,#,#,#,#,#,#,#,#,#,#,#,#,#,#,#,#,#,#,#,#,#,#,#,#,#
.,.,.,.,.,.,.,.,.,.,.,.,.,.,.,.,.,.,.,.,.,.,.,.,",",",",█,.,.,.,.,.,.,.,█,.,.,.,",",",",",",",",",",",",",",",",",",",",",",",",|,",",",",",",",",",",",",",",",",",",",",#,",",",",",",#,",",#,",",#,",",#,",",",",#,",",#,",",",",〰,〰,},},},〰,‥,‥,‥,‥,‥,‥,‥,‥,‥,#,#,‥,#,‥,‥,#,‥,‥,#,#,#,#,#,#,#,#,#,#,#,#,‥,‥,#,#,‥,#,#,‥,‥,‥,‥,‥,‥,‥,‥,‥,‥,‥,#,#,#,#,#,#,#,#,#,#,#,#,#,#,#,#,#,#,#,#,#,#,#,#,#,#,#,#,#,#,#,#,#,#,#,#,#,#,#,#,#,#,#,#,#,#,#,‥,#,#,#,#,#,#,#,#,#,#,#,#,#,#,#,#,#,#,#,#,#,#,#,#,#,#,#,#,#,#,‥,#,#,#,#,‥,#,‥,#,#,#,#,#,#,#,#,#
.,.,.,.,.,.,.,.,.,.,.,.,.,.,.,.,.,.,.,.,.,.,.,.,",",",",█,.,.,.,.,.,.,.,█,.,.,.,",",",",",",",",",",",",",",",",",",",",",",",",|,",",#,",",",",",",",",",",",",",",",",",",",",",",#,",",",",",",",",",",#,",",",",",",#,#,",",",",〰,〰,〰,〰,},},〰,‥,‥,‥,‥,‥,‥,#,‥,‥,#,‥,#,#,#,#,‥,‥,#,#,#,#,#,#,#,#,#,#,#,#,#,#,#,#,‥,#,#,#,#,‥,‥,‥,#,#,‥,‥,‥,‥,‥,#,#,#,#,#,#,#,#,#,#,#,#,#,#,#,#,‥,#,#,#,#,#,#,#,#,#,#,#,#,#,#,#,#,#,#,#,#,#,#,#,#,#,#,#,#,#,#,#,#,‥,#,#,#,#,#,#,#,#,#,#,#,#,#,#,#,#,#,#,#,#,#,‥,#,#,‥,#,‥,‥,#,#,#,#,#,‥,‥,‥,#,#,#,#,#,#,#,#,#
.,.,.,.,.,.,.,.,.,.,.,.,.,.,.,.,.,.,.,.,.,.,.,.,",",",",█,.,.,.,.,.,.,.,█,.,.,.,",",",",",",",",",",",",",",",",",",",",",",",",|,",",",",",",",",",",",",",",",",",",",",",",",",#,",",#,#,#,#,#,",",#,",",",",",",#,",",",",〰,〰,〰,},},},〰,‥,‥,‥,‥,‥,‥,‥,‥,#,‥,#,‥,‥,‥,#,‥,#,‥,#,#,#,#,#,#,#,#,#,#,#,#,#,#,#,#,#,#,#,‥,‥,#,#,‥,#,#,‥,‥,‥,‥,#,#,#,#,#,#,#,#,#,#,#,#,#,#,‥,#,#,#,#,#,#,#,#,#,#,#,#,#,#,#,#,#,#,#,#,#,#,#,#,#,#,#,#,#,#,#,#,#,‥,‥,‥,‥,#,#,#,#,#,#,#,#,#,#,#,#,#,#,#,#,#,#,#,#,#,#,#,‥,‥,‥,‥,#,#,#,‥,‥,‥,‥,‥,#,#,#,#,#,#,#,#
.,.,.,.,.,.,.,.,.,.,.,.,.,.,.,.,.,.,.,.,.,.,.,.,.,.,X,.,.,.,.,.,.,.,█,.,.,.,",",",",",",",",",",",",",",",",",",",",#,",",|,",",",",",",",",",",",",",",",",",",",",",",",",",",",",#,#,",",#,",",#,",",#,",",#,",",",",",",",",〰,},},},〰,〰,‥,‥,‥,‥,‥,‥,#,‥,#,‥,‥,#,#,‥,‥,#,‥,#,#,#,#,#,#,#,#,#,#,#,#,#,#,#,#,#,#,#,#,#,#,#,#,#,#,#,#,‥,#,#,‥,#,#,#,#,#,#,#,#,#,#,#,#,‥,#,#,#,#,‥,#,#,#,#,#,#,#,#,#,#,#,#,#,#,#,#,#,#,#,#,#,#,#,#,#,#,#,#,#,#,#,‥,‥,‥,#,#,#,#,#,#,#,#,#,#,#,#,#,#,#,#,#,#,#,#,#,‥,‥,‥,‥,‥,#,#,‥,‥,#,‥,‥,#,#,#,#,#,#,#,#,#
.,.,.,.,.,.,.,.,.,.,.,.,.,.,.,.,.,.,.,.,.,.,.,.,",",",",█,.,.,.,.,.,.,.,█,.,.,.,",",",",",",",",",",",",",",",",",",",",",",",",|,",",",",",",",",",",",",",",",",",",",",",",",",",",",",",",",",",",",",",",",",#,",",",",",",",",#,",",",",〰,〰,},},〰,〰,〰,‥,‥,‥,‥,‥,‥,#,‥,‥,‥,‥,‥,‥,‥,‥,#,#,#,#,#,#,#,#,#,#,#,#,#,#,#,‥,#,#,#,#,#,#,#,#,#,#,#,#,#,#,#,#,#,#,#,#,#,#,#,#,#,#,#,#,#,#,#,#,‥,#,#,#,#,#,#,#,#,#,#,#,#,#,#,#,#,#,#,#,#,#,#,#,#,#,#,#,#,#,#,#,#,#,#,‥,‥,‥,#,‥,‥,#,#,#,#,#,#,#,#,#,#,#,‥,#,#,#,#,‥,‥,‥,‥,#,‥,‥,‥,#,#,#,#,#,#,#,#,#,#,#,#,#,#
.,.,.,.,.,.,.,.,.,.,.,.,.,.,.,.,.,.,.,.,.,.,.,.,",",",",█,█,█,█,█,█,█,█,█,",",",",",",",",",",",",",",",",",",",",",",",",",",",",",",|,",",",",",",",",",",",",",",",",",",",",",",",",",",",",",",",",",",#,#,#,",",",",#,#,",",",",",",",",〰,〰,},},〰,〰,〰,〰,‥,‥,‥,‥,‥,‥,‥,#,#,‥,#,‥,#,#,#,#,‥,#,#,#,#,‥,#,#,#,#,#,#,#,#,#,#,#,#,#,#,#,#,#,#,#,#,#,#,#,#,#,#,#,#,#,#,#,#,#,#,#,#,#,#,#,#,#,#,#,#,#,#,#,#,#,#,#,#,#,#,#,#,#,#,#,#,#,#,#,#,#,#,#,#,#,#,#,#,#,#,#,‥,‥,‥,‥,‥,#,‥,‥,#,#,#,#,#,#,#,#,#,#,#,#,#,#,#,‥,#,#,#,#,‥,#,#,#,#,#,#,#,#,#,#,#,#,#,#,#
.,.,.,.,.,.,.,.,.,.,.,.,.,.,.,.,.,.,.,.,.,.,.,.,",",",",█,.,.,.,.,█,.,.,█,",",",",",",",",",",",",",",",",",",",",#,#,",",",",",",|,",",",",",",",",",",",",",",",",",",",",",",",",",",",",",",",",#,#,",",#,#,",",#,",",#,#,",",",",〰,},},},〰,〰,〰,〰,‥,‥,‥,#,‥,‥,",",‥,‥,#,",",#,‥,#,‥,#,#,‥,#,#,#,#,#,#,#,#,#,#,#,#,#,#,#,#,#,#,#,#,#,#,#,#,#,#,#,#,#,#,#,#,#,#,#,#,#,#,#,#,#,#,#,#,#,#,#,#,#,#,#,#,#,#,#,#,#,#,#,#,#,#,#,#,#,#,#,#,#,#,#,#,#,#,#,#,#,#,#,#,‥,‥,‥,‥,‥,‥,#,#,#,#,#,#,#,#,#,#,#,#,#,#,#,‥,#,#,#,#,#,‥,‥,#,#,#,#,#,#,#,#,#,#,#,#,#,#
.,.,.,.,.,.,.,.,.,.,.,.,.,.,.,.,.,.,.,.,.,.,.,.,",",",",█,.,.,.,.,█,.,.,█,",",",",",",",",",",",",",",",",",",",",",",",",",",",",",",|,",",",",",",",",",",",",",",",",",",",",",",",",",",",",",",#,",",#,#,#,",",#,#,#,#,",",#,",",〰,〰,},},〰,〰,〰,〰,‥,‥,",",‥,‥,‥,‥,‥,‥,‥,",",",",#,#,#,#,#,#,#,#,#,#,#,#,#,#,#,#,#,#,#,#,#,#,#,#,#,#,#,#,#,#,#,#,#,#,#,#,#,#,#,#,#,#,#,#,#,#,#,#,#,#,#,#,#,#,#,#,#,#,#,#,#,#,#,#,#,#,#,#,#,#,#,#,#,#,#,#,#,#,#,#,#,#,#,#,#,#,‥,‥,#,‥,‥,‥,‥,‥,#,#,#,#,#,#,#,#,#,#,#,#,#,#,#,#,#,#,#,#,‥,#,#,#,#,#,#,#,#,#,#,#,#,#,#
.,.,.,.,.,.,.,.,.,.,.,.,.,.,.,.,.,.,.,.,.,.,.,.,",",",",█,.,.,.,.,█,.,.,█,",",",",",",",",",",",",",",",",",",",",",",",",",",",",",",|,",",",",",",",",",",",",",",",",",",",",#,",",",",#,",",",",#,#,",",#,",",#,#,",",",",#,#,",",",",#,},},},〰,〰,",",‥,‥,‥,‥,#,‥,#,‥,‥,‥,‥,‥,‥,‥,‥,#,‥,‥,‥,#,‥,#,#,#,#,#,#,#,#,#,#,#,#,#,#,#,#,#,#,#,#,#,#,#,#,#,#,#,#,#,#,‥,#,#,#,#,#,#,#,#,#,#,#,#,#,#,#,#,#,#,#,‥,#,#,#,#,#,#,#,#,#,#,#,#,#,#,#,#,#,#,#,#,#,#,#,#,#,#,‥,#,‥,‥,‥,#,‥,‥,#,#,#,#,#,#,#,#,#,#,#,#,#,#,#,#,#,#,#,‥,‥,‥,#,#,#,#,#,#,#,#,#,#,#,#,#
.,.,.,.,.,.,.,.,.,.,.,.,.,.,.,.,.,.,.,.,.,.,.,.,",",",",█,█,.,█,█,█,.,.,█,",",",",",",",",",",",",",",",",",",",",",",",",",",",",",",|,",",",",",",",",",",",",",",",",#,",",",",",",",",",",",",#,#,",",#,#,#,#,",",",",#,",",#,",",",",〰,},},},〰,",",",",‥,‥,‥,‥,‥,‥,‥,‥,‥,‥,‥,‥,‥,‥,‥,‥,‥,#,‥,‥,‥,‥,#,#,#,#,#,#,#,#,#,#,#,#,#,#,#,#,#,#,#,#,#,#,#,#,#,#,#,#,#,#,#,#,#,#,#,#,#,#,#,#,#,#,#,#,#,#,#,#,#,#,‥,‥,#,#,#,‥,‥,#,#,#,#,#,#,#,#,#,#,#,#,#,#,#,#,#,#,#,#,#,‥,‥,‥,‥,‥,#,#,#,#,#,#,#,#,#,#,#,#,#,#,#,#,#,#,#,‥,‥,‥,‥,‥,#,#,#,#,#,#,#,#,#,#,#,#
.,.,.,.,.,.,.,.,.,.,.,.,.,.,.,.,.,.,.,.,.,.,.,.,",",",",█,.,.,█,.,.,.,.,█,",",",",",",",",",",",",",",",",",",",",",",",",",",#,",",|,",",",",",",",",",",",",",",",",",",#,",",",",#,",",#,#,",",#,#,",",",",",",#,#,",",#,",",#,",",〰,〰,},},〰,〰,",",",",",",‥,‥,#,#,‥,#,",",#,",",‥,‥,‥,‥,‥,‥,‥,‥,‥,‥,#,#,#,#,#,#,#,#,#,#,#,#,#,#,#,#,#,#,#,#,#,#,#,#,#,#,#,#,#,#,#,#,#,#,#,‥,#,#,#,#,#,#,#,#,#,#,#,#,#,#,‥,‥,‥,‥,#,‥,‥,‥,‥,#,#,#,#,#,#,#,#,#,#,#,#,#,#,#,#,#,#,#,‥,‥,‥,‥,‥,‥,‥,#,#,#,#,#,#,#,#,#,#,#,#,#,#,#,#,#,#,#,‥,‥,#,‥,#,#,#,#,#,#,#,#,#,#,#,#
.,.,.,.,.,.,.,.,.,.,.,.,.,.,.,.,.,.,.,.,.,.,.,.,",",",",█,.,.,█,.,.,.,.,█,",",",",",",",",",",",",",",",",",",",",",",",",",",",",",",|,",",",",",",",",",",",",",",",",#,#,",",#,",",",",",",",",#,",",",",#,",",#,",",#,",",#,",",#,",",〰,},},},},#,",",‥,‥,#,‥,‥,‥,#,‥,#,",",#,",",#,‥,‥,‥,#,‥,‥,#,#,‥,#,#,#,#,#,#,#,#,#,#,#,#,#,#,#,#,#,#,#,#,#,#,‥,#,#,#,#,#,#,#,#,#,#,#,‥,#,#,#,#,#,#,#,#,#,#,#,#,#,#,‥,‥,‥,‥,‥,‥,‥,‥,‥,#,#,#,#,#,#,#,#,#,#,#,#,#,#,#,#,#,#,#,#,#,‥,‥,‥,#,#,#,#,#,#,#,#,#,#,#,#,#,#,#,#,#,#,#,#,#,#,#,‥,#,‥,#,#,#,#,#,#,#,#,#,#,#
.,.,.,.,.,.,.,.,.,.,.,.,.,.,.,.,.,.,.,.,.,.,.,.,",",",",█,.,.,█,█,█,.,█,█,",",",",",",",",",",",",",",",",",",",",",",",",",",",",",",|,",",",",",",",",",",",",",",",",",",",",#,",",",",#,",",",",",",#,#,",",#,",",",",#,#,",",#,",",",",〰,},},},〰,〰,",",",",‥,‥,‥,#,#,‥,‥,#,#,#,‥,‥,#,#,#,‥,#,#,‥,#,#,#,#,#,#,#,#,#,#,#,#,#,#,#,#,#,#,#,#,#,#,#,#,#,#,#,#,#,#,#,#,#,#,#,#,#,#,#,#,#,#,#,#,#,#,#,#,#,#,‥,‥,‥,‥,‥,‥,‥,‥,‥,‥,#,#,#,#,#,#,#,#,#,#,#,#,#,#,#,#,#,#,#,#,#,#,#,‥,#,#,#,#,#,#,#,#,#,#,#,#,#,#,#,#,#,#,#,#,#,#,#,#,#,#,#,#,#,#,#,#,#,#,#,#,#
.,.,.,.,.,.,.,.,.,.,.,.,.,.,.,.,.,.,.,.,.,.,.,.,",",",",█,.,.,.,.,.,.,.,█,.,.,.,",",",",",",",",",",",",",",#,",",",",",",",",|,",",",",",",",",",",",",",",",",#,",",",",",",",",",",",",#,",",",",",",#,",",#,#,#,#,#,#,#,",",",",〰,},},},〰,‥,‥,‥,‥,‥,‥,‥,#,‥,‥,#,‥,#,‥,#,‥,#,#,#,#,#,#,#,#,#,#,#,#,#,#,#,#,#,#,#,#,#,#,#,#,#,#,#,#,#,#,#,#,#,#,#,#,#,#,#,#,#,#,#,#,#,#,#,#,#,#,#,#,#,#,#,#,‥,‥,‥,‥,‥,‥,‥,‥,‥,#,#,#,#,#,#,#,#,#,#,#,#,#,#,#,#,#,#,#,#,#,#,#,#,#,#,#,#,#,#,#,#,#,#,#,#,#,#,#,#,#,#,#,#,#,#,#,#,#,#,#,#,#,#,#,#,#,#,#,#,#
.,.,.,.,.,.,.,.,.,.,.,.,.,.,.,.,.,.,.,.,.,.,.,.,",",",",█,.,.,.,.,.,.,.,█,.,.,.,",",",",",",",",",",",",",",",",",",",",",",",",|,",",",",",",",",",",#,",",#,#,",",",",",",#,",",#,#,",",#,",",",",#,#,#,",",#,",",#,",",",",",",〰,},},},〰,‥,‥,‥,‥,‥,#,‥,#,#,#,‥,#,‥,#,#,#,‥,#,#,#,#,#,#,#,#,#,#,#,#,#,#,#,#,#,#,#,#,#,#,#,#,#,#,#,#,#,#,#,#,#,#,#,#,#,#,#,#,#,#,#,#,#,#,#,#,#,#,#,#,#,#,#,#,‥,‥,‥,‥,‥,‥,‥,#,#,#,#,#,#,#,#,#,#,#,#,#,#,#,#,#,#,#,#,#,#,#,#,#,#,#,#,#,#,#,#,#,#,#,#,#,#,#,#,#,#,#,#,#,#,#,#,#,#,#,#,#,#,#,#,#,#,#,#,#,#
.,.,.,.,.,.,.,.,.,.,.,.,.,.,.,.,.,.,.,.,.,.,.,.,",",",",█,.,.,.,.,.,.,.,█,.,.,.,",",",",",",",",",",",",",",",",",",",",",",",",|,#,",",",",",",",",",",",",",",#,",",",",",",",",",",",",#,#,",",#,",",",",",",",",#,#,#,",",",",",",〰,〰,},},},〰,〰,‥,",",",",‥,‥,‥,‥,#,‥,#,#,#,#,#,‥,#,#,#,#,#,#,#,#,#,#,#,#,#,#,#,#,#,#,#,#,#,#,#,#,#,#,#,#,#,#,#,#,#,#,#,#,#,#,#,#,#,#,#,#,#,#,#,#,#,#,#,#,#,#,#,#,#,#,‥,‥,‥,‥,‥,‥,#,#,#,#,#,#,#,#,#,#,#,#,#,#,#,#,#,#,#,#,#,#,#,#,#,#,#,#,#,#,#,#,#,#,#,#,#,#,#,#,#,#,#,#,#,#,#,#,#,#,#,#,#,#,#,#,#,#,#,#,#,#
.,.,.,.,.,.,.,.,.,.,.,.,.,.,.,.,.,.,.,.,.,.,.,.,",",",",█,.,.,.,.,.,.,.,█,.,.,.,",",",",",",",",",",",",",",",",",",",",",",",",|,",",",",",",",",",",",",",",#,",",",",",",",",",",",",",",#,",",#,",",#,#,",",#,",",",",",",#,",",",",〰,〰,〰,},},},〰,‥,‥,‥,‥,‥,‥,#,‥,#,‥,#,",",‥,‥,#,#,#,#,#,#,#,#,#,#,#,#,#,#,#,#,#,#,#,#,#,#,#,#,#,#,#,#,#,#,#,#,#,#,#,#,#,#,#,#,#,#,#,#,#,#,#,#,#,#,#,#,#,#,#,#,#,#,‥,#,‥,‥,‥,‥,#,#,#,#,#,#,#,#,#,#,#,#,#,#,#,#,#,#,#,#,#,#,#,#,#,#,#,#,#,#,#,#,#,#,#,#,#,#,#,#,#,#,#,#,#,#,#,#,#,#,#,#,#,#,#,#,#,#,#,#,#,#,#
.,.,.,.,.,.,.,.,.,.,.,.,.,.,.,.,.,.,.,.,.,.,.,.,.,.,X,.,.,.,.,.,.,.,█,.,.,.,",",",",",",",",",",",",",",",",",",",",",",",",|,",",",",",",",",",",",",",",",",",",",",#,",",",",#,",",",",#,#,",",",",",",#,#,#,",",#,",",#,",",",",〰,〰,},},},〰,",",‥,‥,‥,‥,#,‥,‥,‥,#,‥,#,#,#,‥,#,#,#,#,#,#,#,#,#,#,#,#,#,#,#,#,#,#,#,#,#,#,#,#,#,#,#,#,#,#,#,#,#,#,#,#,#,#,#,#,#,#,#,#,#,#,#,#,#,#,#,#,#,#,#,#,#,#,#,#,#,‥,#,#,#,#,#,#,#,#,#,#,#,#,#,#,#,#,#,#,#,#,#,#,#,#,#,#,#,#,#,#,#,#,#,#,#,#,#,#,#,#,#,#,#,#,#,#,#,#,#,#,#,#,#,#,#,#,#,#,#,#,#,#,#,#
.,.,.,.,.,.,.,.,.,.,.,.,.,.,.,.,.,.,.,.,.,.,.,.,",",",",█,.,.,.,.,.,.,.,█,.,.,.,",",",",",",",",",",",",",",",",",",",",",",",",|,",",",",",",",",",",",",#,",",#,",",",",#,",",",",#,",",#,",",#,",",#,",",#,",",#,",",#,",",#,#,〰,},},},〰,〰,‥,‥,‥,‥,‥,‥,‥,‥,#,‥,#,‥,‥,‥,#,#,#,#,#,#,#,#,#,#,#,#,#,#,#,#,#,#,#,#,#,#,#,#,#,#,#,#,#,#,#,#,#,#,#,#,#,#,#,#,#,#,#,#,#,#,#,#,#,#,#,#,#,#,#,#,#,#,#,#,#,#,#,#,#,#,#,#,#,#,#,#,#,#,#,#,#,#,#,#,#,#,#,#,#,#,#,#,#,#,#,#,#,#,#,#,#,#,#,#,#,#,#,#,#,#,#,#,#,#,#,#,#,#,#,#,#,#,#,#,#,#,#,#,#,#,#
.,.,.,.,.,.,.,.,.,.,.,.,.,.,.,.,.,.,.,.,.,.,.,.,",",",",█,█,█,█,█,█,█,█,█,",",",",",",",",",",",",",",",",",",",",",",",",",",",",",",|,",",",",",",",",",",#,",",",",",",",",",",",",#,",",",",",",",",#,",",#,",",#,#,#,#,",",",",",",",",",",〰,},},},〰,‥,‥,‥,",",‥,‥,#,‥,#,#,#,#,‥,#,‥,#,#,#,#,#,#,#,#,‥,#,#,#,#,#,#,#,#,#,#,#,#,#,#,#,#,#,#,#,#,#,#,#,#,#,#,#,#,#,#,#,#,#,#,#,#,#,#,#,#,#,#,#,#,#,#,#,#,#,#,#,#,#,#,#,#,#,#,#,#,#,#,#,#,#,#,#,#,#,#,#,#,#,#,#,#,#,#,#,#,#,#,#,#,#,#,#,#,#,#,#,#,#,#,#,#,#,#,#,#,#,#,#,#,#,#,#,#,#,#,#,#,#,#,#,#,#,#
.,.,.,.,.,.,.,.,.,.,.,.,.,.,.,.,.,.,.,.,.,.,.,.,",",",",█,.,.,.,.,█,.,.,█,",",",",",",",",",",",",",",",",",",",",",",",",",",",",",",|,",",",",",",",",",",",",",",",",",",",",#,",",",",#,#,",",",",#,#,",",#,",",",",",",#,#,#,",",",",",",〰,},},〰,〰,‥,",",",",‥,#,‥,‥,‥,#,‥,‥,#,#,‥,#,‥,#,#,#,#,#,#,#,#,#,#,#,#,#,#,#,#,#,#,#,#,#,#,#,#,#,#,#,#,#,#,#,#,#,#,#,#,#,#,#,#,#,#,#,#,#,#,#,#,#,#,#,#,#,#,#,#,#,#,#,#,#,#,#,#,#,#,#,#,#,#,#,#,#,#,#,#,#,#,#,#,#,#,#,#,#,#,#,#,#,#,#,#,#,#,#,#,#,#,#,#,#,#,#,#,#,#,#,#,#,#,#,#,#,#,#,#,#,#,#,#,#,#,#,#,#,#
.,.,.,.,.,.,.,.,.,.,.,.,.,.,.,.,.,.,.,.,.,.,.,.,",",",",█,.,.,.,.,█,.,.,█,",",",",",",",",",",",",",",",",",",",",",",",",",",",",",",|,",",",",",",#,",",",",#,",",#,",",",",",",",",#,",",",",#,#,",",",",#,",",#,#,",",#,",",",",",",",",〰,},〰,〰,〰,‥,‥,",",#,‥,#,#,‥,‥,‥,#,‥,‥,#,#,‥,#,‥,#,#,#,#,#,#,#,#,#,#,#,#,#,#,#,#,#,#,#,#,#,#,#,#,#,#,#,#,#,#,#,#,#,#,#,#,#,#,#,#,#,#,#,#,#,#,#,#,#,#,#,#,#,#,#,#,#,#,#,#,#,#,#,#,#,#,#,#,#,#,#,#,#,#,#,#,#,#,#,#,#,#,#,#,#,#,#,#,#,#,#,#,#,#,#,#,#,#,#,#,#,#,#,#,#,#,#,#,#,#,#,#,#,#,#,#,#,#,#,#,#,#,#,#
.,.,.,.,.,.,.,.,.,.,.,.,.,.,.,.,.,.,.,.,.,.,.,.,",",",",█,.,.,.,.,█,.,.,█,",",",",",",",",",",",",",",",",",",",",",",",",",",",",",",|,",",",",",",",",",",",",#,",",",",",",#,",",#,",",",",#,",",#,",",#,",",#,#,",",",",#,",",",",",",",",〰,},},〰,〰,‥,‥,‥,",",",",#,‥,#,#,‥,‥,#,#,#,#,#,#,#,#,#,#,#,#,#,#,#,#,#,#,#,#,#,#,#,#,#,#,#,#,#,#,#,#,#,#,#,#,#,#,#,#,#,#,#,#,#,#,#,#,#,#,#,#,#,#,#,#,#,#,#,#,#,#,#,#,#,#,#,#,#,#,#,#,#,#,#,#,#,#,#,#,#,#,#,#,#,#,#,#,#,#,#,#,#,#,#,#,#,#,#,#,#,#,#,#,#,#,#,#,#,#,#,#,#,#,#,#,#,#,#,#,#,#,#,#,#,#,#,#,#,#,#
.,.,.,.,.,.,.,.,.,.,.,.,.,.,.,.,.,.,.,.,.,.,.,.,",",",",█,█,.,█,█,█,.,.,█,",",",",",",",",",",",",",",",",",",",",",",",",",",",",",",|,",",",",",",",",#,",",",",",",#,",",",",#,",",",",",",#,",",",",#,",",#,",",#,",",#,",",#,",",",",〰,〰,},},},〰,‥,",",",",",",",",",",‥,#,‥,#,‥,#,‥,#,#,#,#,#,#,#,#,#,#,#,#,#,#,#,#,#,#,#,#,#,#,#,#,#,#,#,#,#,#,#,#,#,#,#,#,#,#,#,#,#,#,#,#,#,#,#,#,#,#,#,#,#,#,#,#,#,#,#,#,#,#,#,#,#,#,#,#,#,#,#,#,#,#,#,#,#,#,#,#,#,#,#,#,#,#,#,#,#,#,#,#,#,#,#,#,#,#,#,#,#,#,#,#,#,#,#,#,#,#,#,#,#,#,#,#,#,#,#,#,#,#,#,#,#,#,#,#,#
.,.,.,.,.,.,.,.,.,.,.,.,.,.,.,.,.,.,.,.,.,.,.,.,",",",",█,.,.,█,.,.,.,.,█,",",",",",",",",",",",",",",",",",",",",",",",",",",",",",",|,",",",",",",",",",",",",#,",",",",#,",",",",#,",",#,#,#,#,",",",",",",#,",",#,",",",",",",",",",",〰,},},},〰,‥,‥,",",‥,",",‥,‥,#,#,‥,",",#,#,‥,#,#,‥,#,#,#,‥,#,#,#,#,#,#,#,#,#,#,#,#,#,#,#,#,#,#,#,#,#,#,#,#,#,#,#,#,#,#,#,#,#,#,#,#,#,#,#,#,#,#,#,#,#,#,#,#,#,#,#,#,#,#,#,#,#,#,#,#,#,#,#,#,#,#,#,#,#,#,#,#,#,#,#,#,#,#,#,#,#,#,#,#,#,#,#,#,#,#,#,#,#,#,#,#,#,#,#,#,#,#,#,#,#,#,#,#,#,#,#,#,#,#,#,#,#,#,#,#,#,#
.,.,.,.,.,.,.,.,.,.,.,.,.,.,.,.,.,.,.,.,.,.,.,.,",",",",█,.,.,█,.,.,.,.,█,",",",",",",",",",",",",",",",",",",",",",",",",",",",",",",|,#,",",",",",",",",",",",",",",",",",",",",",",#,",",",",#,#,",",#,#,#,",",",",#,",",#,",",",",",",〰,#,},},〰,〰,‥,",",",",‥,",",",",",",#,#,",",#,‥,#,#,‥,‥,#,#,#,#,#,#,#,#,#,#,#,#,#,#,#,#,#,#,#,#,#,#,#,#,#,#,#,#,#,#,#,#,#,#,#,#,#,#,#,#,#,#,#,#,#,#,#,#,#,#,#,#,#,#,#,#,#,#,#,#,#,#,#,#,#,#,#,#,#,#,#,#,#,#,#,#,#,#,#,#,#,#,#,#,#,#,#,#,#,#,#,#,#,#,#,#,#,#,#,#,#,#,#,#,#,#,#,#,#,#,#,#,#,#,#,#,#,#,#,#,#,#,#,#,#,#
.,.,.,.,.,.,.,.,.,.,.,.,.,.,.,.,.,.,.,.,.,.,.,.,",",",",█,.,.,█,█,█,.,█,█,",",",",",",",",",",",",",",",",",",",",",",",",",",",",",",|,",",",",",",",",",",",",",",#,",",",",",",#,",",#,#,#,#,#,",",#,",",#,#,#,",",",",#,",",〰,〰,},},},},〰,‥,",",‥,",",‥,#,",",#,#,#,#,#,#,#,#,‥,#,#,#,#,#,#,#,#,#,#,#,#,#,#,#,#,#,#,#,#,#,#,#,#,#,#,#,#,#,#,#,#,#,#,#,#,#,#,#,#,#,#,#,#,#,#,#,#,#,#,#,#,#,#,#,#,#,#,#,#,#,#,#,#,#,#,#,#,#,#,#,#,#,#,#,#,#,#,#,#,#,#,#,#,#,#,#,#,#,#,#,#,#,#,#,#,#,#,#,#,#,#,#,#,#,#,#,#,#,#,#,#,#,#,#,#,#,#,#,#,#,#,#,#,#,#
.,.,.,.,.,.,.,.,.,.,.,.,.,.,.,.,.,.,.,.,.,.,.,.,",",",",█,.,.,.,.,.,.,.,█,.,.,.,",",",",",",",",",",",",",",",",",",",",",",",",|,",",",",",",",",",",",",",",",",",",",",",",",",#,",",",",#,#,#,#,#,",",#,",",",",",",#,",",",",〰,〰,},},},〰,‥,‥,",",",",‥,‥,‥,#,#,",",#,#,‥,#,‥,#,#,#,#,#,#,#,#,#,#,#,#,#,#,#,#,#,#,#,#,#,#,#,#,#,#,#,#,#,#,#,#,#,#,#,#,#,#,#,#,#,#,#,#,#,#,#,#,#,#,#,#,#,#,#,#,#,#,#,#,#,#,#,#,#,#,#,#,#,#,#,#,#,#,#,#,#,#,#,#,#,#,#,#,#,#,#,#,#,#,#,#,#,#,#,#,#,#,#,#,#,#,#,#,#,#,#,#,#,#,#,#,#,#,#,#,#,#,#,#,#,#,#,#,#,#,#,#
.,.,.,.,.,.,.,.,.,.,.,.,.,.,.,.,.,.,.,.,.,.,.,.,",",",",█,.,.,.,.,.,.,.,█,.,.,.,",",",",",",",",",",",",",",",",",",",",",",",",|,",",",",",",",",",",",",",",#,",",",",#,",",",",#,",",#,",",",",#,#,",",#,",",",",",",#,",",〰,〰,〰,〰,},},〰,‥,‥,",",",",‥,‥,",",#,",",‥,‥,‥,#,‥,#,#,#,#,#,#,#,#,#,#,#,#,#,#,#,#,#,#,#,#,#,#,#,#,#,#,#,#,#,#,#,#,#,#,#,#,#,#,#,#,#,#,#,#,#,#,#,#,#,#,#,#,#,#,#,#,#,#,#,#,#,#,#,#,#,#,#,#,#,#,#,#,#,#,#,#,#,#,#,#,#,#,#,#,#,#,#,#,#,#,#,#,#,#,#,#,#,#,#,#,#,#,#,#,#,#,#,#,#,#,#,#,#,#,#,#,#,#,#,#,#,#,#,#,#,#,#,#,#
.,.,.,.,.,.,.,.,.,.,.,.,.,.,.,.,.,.,.,.,.,.,.,.,",",",",█,.,.,.,.,.,.,.,█,.,.,.,",",",",",",",",",",",",",",",",",",",",",",",",|,",",",",",",",",",",",",",",",",",",",",",",",",#,",",",",#,#,",",#,",",#,",",#,#,",",",",",",〰,〰,〰,},},},〰,‥,",",",",‥,‥,‥,‥,‥,#,‥,#,‥,‥,#,‥,#,‥,#,#,#,#,#,#,#,#,#,#,#,#,#,#,#,#,#,#,#,#,#,#,#,#,#,#,#,#,#,#,#,#,#,#,#,#,#,#,#,#,#,#,#,#,#,#,#,#,#,#,#,#,#,#,#,#,#,#,#,#,#,#,#,#,#,#,#,#,#,#,#,#,#,#,#,#,#,#,#,#,#,#,#,#,#,#,#,#,#,#,#,#,#,#,#,#,#,#,#,#,#,#,#,#,#,#,#,#,#,#,#,#,#,#,#,#,#,#,#,#,#,#,#,#,#,#
.,.,.,.,.,.,.,.,.,.,.,.,.,.,.,.,.,.,.,.,.,.,.,.,",",",",█,.,.,.,.,.,.,.,█,.,.,.,",",",",",",",",",",",",",",",",",",",",",",",",|,",",",",",",",",#,",",",",",",",",",",",",",",#,",",#,",",",",#,",",#,",",#,#,",",",",#,",",",",〰,},},},〰,〰,‥,",",‥,‥,‥,#,‥,‥,‥,#,‥,#,‥,#,‥,#,#,#,‥,‥,#,‥,#,#,#,#,#,#,#,#,#,#,#,#,#,#,#,#,#,#,#,#,#,#,#,#,#,#,#,#,#,#,#,#,#,#,#,#,#,#,#,#,#,#,#,#,#,#,#,#,#,#,#,#,#,#,#,#,#,#,#,#,#,#,#,#,#,#,#,#,#,#,#,#,#,#,#,#,#,#,#,#,#,#,#,#,#,#,#,#,#,#,#,#,#,#,#,#,#,#,#,#,#,#,#,#,#,#,#,#,#,#,#,#,#,#,#,#,#,#,#,#,#
.,.,.,.,.,.,.,.,.,.,.,.,.,.,.,.,.,.,.,.,.,.,.,.,.,.,X,.,.,.,.,.,.,.,█,.,.,.,",",",",",",",",",",",",",",",",",",",",",",",",|,",",",",",",",",",",",",#,",",",",",",",",",",",",",",",",#,#,",",#,",",#,#,",",#,",",#,",",",",〰,〰,},},〰,〰,〰,‥,‥,‥,",",‥,‥,‥,#,#,‥,#,‥,#,#,‥,#,#,‥,#,#,#,#,#,#,#,#,#,#,#,#,#,#,#,#,#,#,#,#,#,#,#,#,#,#,#,#,#,#,#,#,#,#,#,#,#,#,#,#,#,#,#,#,#,#,#,#,#,#,#,#,#,#,#,#,#,#,#,#,#,#,#,#,#,#,#,#,#,#,#,#,#,#,#,#,#,#,#,#,#,#,#,#,#,#,#,#,#,#,#,#,#,#,#,#,#,#,#,#,#,#,#,#,#,#,#,#,#,#,#,#,#,#,#,#,#,#,#,#,#,#,#,#
.,.,.,.,.,.,.,.,.,.,.,.,.,.,.,.,.,.,.,.,.,.,.,.,",",",",█,.,.,.,.,.,.,.,█,.,.,.,",",",",",",",",",",",",",",",",",",",",",",",",|,",",",",",",",",",",",",",",",",",",",",#,",",",",",",#,",",#,",",#,",",#,",",",",#,",",#,",",",",〰,〰,},},〰,〰,〰,〰,‥,",",‥,‥,‥,‥,#,‥,#,‥,#,#,#,‥,#,‥,#,#,#,#,#,#,#,#,#,#,#,#,#,#,#,#,#,#,#,#,#,#,#,#,#,#,#,#,#,#,#,#,#,#,#,#,#,#,#,#,#,#,#,#,#,#,#,#,#,#,#,#,#,#,#,#,#,#,#,#,#,#,#,#,#,#,#,#,#,#,#,#,#,#,#,#,#,#,#,#,#,#,#,#,#,#,#,#,#,#,#,#,#,#,#,#,#,#,#,#,#,#,#,#,#,#,#,#,#,#,#,#,#,#,#,#,#,#,#,#,#,#,#,#,#
.,.,.,.,.,.,.,.,.,.,.,.,.,.,.,.,.,.,.,.,.,.,.,.,",",",",█,█,█,█,█,█,█,█,█,",",",",",",",",",",",",",",",",",",",",",",",",",",",",",",|,",",#,",",",",",",",",",",",",",",",",",",",",",",#,",",",",",",",",",",#,",",",",",",#,#,",",",",",",〰,#,},},〰,〰,#,〰,‥,",",‥,",",‥,‥,‥,#,‥,",",‥,#,‥,‥,#,‥,‥,#,#,#,#,#,#,#,#,#,#,#,#,#,#,#,#,#,#,#,#,#,#,#,#,#,#,#,#,#,#,#,#,#,#,#,#,#,#,#,#,#,#,#,#,#,#,#,#,#,#,#,#,#,#,#,#,#,#,#,#,#,#,#,#,#,#,#,#,#,#,#,#,#,#,#,#,#,#,#,#,#,#,#,#,#,#,#,#,#,#,#,#,#,#,#,#,#,#,#,#,#,#,#,#,#,#,#,#,#,#,#,#,#,#,#,#,#,#,#,#,#,#,#,#
.,.,.,.,.,.,.,.,.,.,.,.,.,.,.,.,.,.,.,.,.,.,.,.,",",",",",",",",",",",",",",",",",",",",",",",",",",",",",",",",",",",",",",",",",",",",",",",",",",",",|,",",",",",",#,",",",",",",",",",",",",",",",",#,",",#,#,#,#,#,",",#,",",",",",",#,",",",",",",〰,〰,},},〰,〰,〰,〰,‥,‥,‥,",",",",‥,#,#,#,#,#,#,",",‥,#,#,‥,#,#,#,#,#,#,#,#,#,#,#,#,#,#,#,#,#,#,#,#,#,#,#,#,#,#,#,#,#,#,#,#,#,#,#,#,#,#,#,#,#,#,#,#,#,#,#,#,#,#,#,#,#,#,#,#,#,#,#,#,#,#,#,#,#,#,#,#,#,#,#,#,#,#,#,#,#,#,#,#,#,#,#,#,#,#,#,#,#,#,#,#,#,#,#,#,#,#,#,#,#,#,#,#,#,#,#,#,#,#,#,#,#,#,#,#,#,#,#,#,#,#,#,#
.,.,.,.,.,.,.,.,.,.,.,.,.,.,.,.,.,.,.,.,.,.,.,.,",",",",",",",",",",",",",",",",",",",",",",",",",",",",",",",",",",",",",",",",",",",",",",",",",",",",|,",",",",",",",",",",",",",",",",",",",",",",",",",",",",#,#,",",#,",",#,",",#,",",#,",",",",",",",",",",〰,},},},〰,〰,‥,‥,‥,#,‥,‥,‥,‥,‥,#,#,‥,‥,#,#,‥,‥,#,#,#,#,#,#,#,#,#,#,#,#,#,#,#,#,#,#,#,#,#,#,#,#,#,#,#,#,#,#,#,#,#,#,#,#,#,#,#,#,#,#,#,#,#,#,#,#,#,#,#,#,#,#,#,#,#,#,#,#,#,#,#,#,#,#,#,#,#,#,#,#,#,#,#,#,#,#,#,#,#,#,#,#,#,#,#,#,#,#,#,#,#,#,#,#,#,#,#,#,#,#,#,#,#,#,#,#,#,#,#,#,#,#,#,#,#,#,#,#,#,#,#,#,#
.,.,.,.,.,.,.,.,.,.,.,.,.,.,.,.,.,.,.,.,.,.,.,.,",",",",",",",",",",",",",",",",",",",",",",",",",",",",",",",",",",",",",",",",",",",",",",",",",",",",|,",",",",",",",",",",",",",",",",#,",",",",",",",",#,",",",",#,#,#,",",",",#,",",#,",",",",",",",",",",〰,},},},〰,‥,‥,#,‥,‥,",",‥,#,‥,#,‥,#,‥,#,‥,‥,‥,#,‥,#,#,#,#,#,#,#,#,#,#,#,#,#,#,#,#,#,#,#,#,#,#,#,#,#,#,#,#,#,#,#,#,#,#,#,#,#,#,#,#,#,#,#,#,#,#,#,#,#,#,#,#,#,#,#,#,#,#,#,#,#,#,#,#,#,#,#,#,#,#,#,#,#,#,#,#,#,#,#,#,#,#,#,#,#,#,#,#,#,#,#,#,#,#,#,#,#,#,#,#,#,#,#,#,#,#,#,#,#,#,#,#,#,#,#,#,#,#,#,#,#,#,#,#
.,.,.,.,.,.,.,.,.,.,.,.,.,.,.,.,.,.,.,.,.,.,.,.,",",",",",",",",",",",",",",",",",",",",",",",",",",",",",",",",",",",",",",",",",",",",",",",",",",",",|,",",",",",",",",",",",",",",",",",",",",#,#,",",",",",",#,",",",",",",#,",",",",#,",",#,",",",",#,",",〰,〰,},},〰,〰,‥,",",",",‥,‥,‥,‥,‥,‥,#,#,#,#,#,#,#,#,‥,#,#,#,#,#,#,#,#,#,#,#,#,#,#,#,#,#,#,#,#,#,#,#,#,#,#,#,#,#,#,#,#,#,#,#,#,#,#,#,#,#,#,#,#,#,#,#,#,#,#,#,#,#,#,#,#,#,#,#,#,#,#,#,#,#,#,#,#,#,#,#,#,#,#,#,#,#,#,#,#,#,#,#,#,#,#,#,#,#,#,#,#,#,#,#,#,#,#,#,#,#,#,#,#,#,#,#,#,#,#,#,#,#,#,#,#,#,#,#,#,#,#,#,#
.,.,.,.,.,.,.,.,.,.,.,.,.,.,.,.,.,.,.,.,.,.,.,.,",",",",",",",",",",",",",",",",",",",",",",",",",",",",",",",",",",",",",",",",",",",",",",",",",",",",|,",",",",",",",",",",",",",",",",#,",",",",",",",",#,#,#,#,",",#,",",#,",",",",#,",",#,",",#,",",〰,},},},},〰,",",‥,",",‥,‥,‥,#,",",#,‥,#,#,‥,‥,‥,#,‥,#,#,#,#,#,#,#,#,#,#,#,#,#,#,#,#,#,#,#,#,#,#,#,#,#,#,#,#,#,#,#,#,#,#,#,#,#,#,#,#,#,#,#,#,#,#,#,#,#,#,#,#,#,#,#,#,#,#,#,#,#,#,#,#,#,#,#,#,#,#,#,#,#,#,#,#,#,#,#,#,#,#,#,#,#,#,#,#,#,#,#,#,#,#,#,#,#,#,#,#,#,#,#,#,#,#,#,#,#,#,#,#,#,#,#,#,#,#,#,#,#,#,#,#,#
.,.,.,.,.,.,.,.,.,.,.,.,.,.,.,.,.,.,.,.,.,.,.,.,",",",",",",",",",",",",",",",",",",",",",",",",",",",",",",",",",",",",",",",",",",",",",",",",",",",",|,",",",",",",",",",",",",",",",",",",",",#,#,",",",",",",#,",",#,",",#,",",#,",",",",#,#,",",",",",",〰,},#,},〰,",",‥,",",‥,#,‥,#,‥,‥,#,‥,#,#,#,‥,#,‥,#,‥,#,#,#,#,#,#,#,#,#,#,#,#,#,#,#,#,#,#,#,#,#,#,#,#,#,#,#,#,#,#,#,#,#,#,#,#,#,#,#,#,#,#,#,#,#,#,#,#,#,#,#,#,#,#,#,#,#,#,#,#,#,#,#,#,#,#,#,#,#,#,#,#,#,#,#,#,#,#,#,#,#,#,#,#,#,#,#,#,#,#,#,#,#,#,#,#,#,#,#,#,#,#,#,#,#,#,#,#,#,#,#,#,#,#,#,#,#,#,#,#,#,#,#,#
.,.,.,.,.,.,.,.,.,.,.,.,.,.,.,.,.,.,.,.,.,.,.,.,",",",",",",",",",",",",",",",",",",",",",",",",",",",",",",",",",",",",",",",",",",",",",",",",",",",",|,",",",",",",",",",",",",#,#,#,",",",",",",#,",",#,#,#,#,",",",",#,",",#,#,",",#,",",#,",",",",〰,},},},〰,",",",",‥,‥,",",",",‥,#,#,#,‥,‥,‥,#,#,#,‥,#,#,#,#,#,#,#,#,#,#,#,#,#,#,#,#,#,#,#,#,#,#,#,#,#,#,#,#,#,#,#,#,#,#,#,#,#,#,#,#,#,#,#,#,#,#,#,#,#,#,#,#,#,#,#,#,#,#,#,#,#,#,#,#,#,#,#,#,#,#,#,#,#,#,#,#,#,#,#,#,#,#,#,#,#,#,#,#,#,#,#,#,#,#,#,#,#,#,#,#,#,#,#,#,#,#,#,#,#,#,#,#,#,#,#,#,#,#,#,#,#,#,#,#,#
.,.,.,.,.,.,.,.,.,.,.,.,.,.,.,.,.,.,.,.,.,.,.,.,",",",",",",",",",",",",",",",",",",",",",",",",",",",",",",",",",",",",",",",",",",",",",",",",",",",",|,",",",",",",",",#,",",",",",",",",#,#,",",",",",",",",",",",",#,#,#,#,",",",",",",#,",",",",",",",",",",〰,},},},〰,",",",",‥,‥,‥,",",‥,#,‥,#,#,#,#,‥,‥,#,‥,#,#,#,#,#,#,#,#,#,#,#,#,#,#,#,#,#,#,#,#,#,#,#,#,#,#,#,#,#,#,#,#,#,#,#,#,#,#,#,#,#,#,#,#,#,#,#,#,#,#,#,#,#,#,#,#,#,#,#,#,#,#,#,#,#,#,#,#,#,#,#,#,#,#,#,#,#,#,#,#,#,#,#,#,#,#,#,#,#,#,#,#,#,#,#,#,#,#,#,#,#,#,#,#,#,#,#,#,#,#,#,#,#,#,#,#,#,#,#,#,#,#,#,#,#
.,.,.,.,.,.,.,.,.,.,.,.,.,.,.,.,.,.,.,.,.,.,.,.,",",",",",",",",",",",",",",",",",",",",",",",",",",",",",",",",",",",",",",",",",",",",",",",",",",",",|,",",",",",",",",",",",",",",",",",",",",",",",",",",#,",",#,#,",",#,",",#,#,",",#,#,",",",",",",",",〰,〰,},},},〰,〰,‥,#,‥,#,‥,#,#,#,#,#,‥,#,#,#,#,#,‥,#,#,#,#,#,#,#,#,#,#,#,#,#,#,#,#,#,#,#,#,#,#,#,#,#,#,#,#,#,#,#,#,#,#,#,#,#,#,#,#,#,#,#,#,#,#,#,#,#,#,#,#,#,#,#,#,#,#,#,#,#,#,#,#,#,#,#,#,#,#,#,#,#,#,#,#,#,#,#,#,#,#,#,#,#,#,#,#,#,#,#,#,#,#,#,#,#,#,#,#,#,#,#,#,#,#,#,#,#,#,#,#,#,#,#,#,#,#,#,#,#,#,#,#
.,.,.,.,.,.,.,.,.,.,.,.,.,.,.,.,.,.,.,.,.,.,.,.,",",",",",",",",",",",",",",",",",",",",",",",",",",",",",",",",",",",",",",",",",",",",",",",",",",",",|,",",",",",",",",",",#,",",#,",",#,",",#,",",",",#,#,",",",",#,",",",",",",#,#,",",",",",",",",",",〰,〰,〰,},},},〰,‥,‥,‥,‥,‥,#,#,‥,#,‥,#,#,‥,#,‥,‥,#,#,#,#,#,#,#,#,#,#,#,#,#,#,#,#,#,#,#,#,#,#,#,#,#,#,#,#,#,#,#,#,#,#,#,#,#,#,#,#,#,#,#,#,#,#,#,#,#,#,#,#,#,#,#,#,#,#,#,#,#,#,#,#,#,#,#,#,#,#,#,#,#,#,#,#,#,#,#,#,#,#,#,#,#,#,#,#,#,#,#,#,#,#,#,#,#,#,#,#,#,#,#,#,#,#,#,#,#,#,#,#,#,#,#,#,#,#,#,#,#,#,#,#,#
.,.,.,.,.,.,.,.,.,.,.,.,.,.,.,.,.,.,.,.,.,.,.,.,",",",",",",",",",",",",",",",",",",",",",",",",",",",",",",",",",",",",",",",",",",",",",",",",",",",",|,",",",",",",",",",",",",",",#,#,#,#,",",#,",",",",#,",",#,",",#,#,#,",",#,",",#,",",#,",",",",〰,〰,},},},〰,‥,‥,‥,‥,",",#,‥,#,‥,#,#,‥,#,‥,#,#,#,#,#,#,#,#,#,#,#,#,#,#,#,#,#,#,#,#,#,#,#,#,#,#,#,#,#,#,#,#,#,#,#,#,#,#,#,#,#,#,#,#,#,#,#,#,#,#,#,#,#,#,#,#,#,#,#,#,#,#,#,#,#,#,#,#,#,#,#,#,#,#,#,#,#,#,#,#,#,#,#,#,#,#,#,#,#,#,#,#,#,#,#,#,#,#,#,#,#,#,#,#,#,#,#,#,#,#,#,#,#,#,#,#,#,#,#,#,#,#,#,#,#,#,#
.,.,.,.,.,.,.,.,.,.,.,.,.,.,.,.,.,.,.,.,.,.,.,.,",",",",",",",",",",",",",",",",",",",",",",",",",",",",",",",",",",",",",",",",",",",",",",",",",",",",|,",",",",",",",",",",#,",",",",",",#,#,#,#,",",#,",",",",#,",",",",",",#,",",#,#,",",#,",",#,#,〰,},},},〰,〰,‥,",",‥,‥,‥,#,#,‥,‥,#,#,#,#,#,‥,#,#,#,#,#,#,#,#,#,#,#,#,#,#,#,#,#,#,#,#,#,#,#,#,#,#,#,#,#,#,#,#,#,#,#,#,#,#,#,#,#,#,#,#,#,#,#,#,#,#,#,#,#,#,#,#,#,#,#,#,#,#,#,#,#,#,#,#,#,#,#,#,#,#,#,#,#,#,#,#,#,#,#,#,#,#,#,#,#,#,#,#,#,#,#,#,#,#,#,#,#,#,#,#,#,#,#,#,#,#,#,#,#,#,#,#,#,#,#,#,#,#,#,#,#,#
.,.,.,.,.,.,.,.,.,.,.,.,.,.,.,.,.,.,.,.,.,.,.,.,",",",",",",",",",",",",",",",",",",",",",",",",",",",",",",",",",",",",",",",",",",",",",",",",",",",",|,",",",",#,",",",",",",",",#,#,",",#,",",#,#,#,#,#,#,#,#,",",#,",",",",#,",",#,#,#,",",〰,},},},},〰,‥,‥,‥,#,‥,#,#,‥,#,‥,#,‥,#,‥,#,#,#,#,#,#,#,#,#,#,#,#,#,#,#,#,#,#,#,#,#,#,#,#,#,#,#,#,#,#,#,#,#,#,#,#,#,#,#,#,#,#,#,#,#,#,#,#,#,#,#,#,#,#,#,#,#,#,#,#,#,#,#,#,#,#,#,#,#,#,#,#,#,#,#,#,#,#,#,#,#,#,#,#,#,#,#,#,#,#,#,#,#,#,#,#,#,#,#,#,#,#,#,#,#,#,#,#,#,#,#,#,#,#,#,#,#,#,#,#,#,#,#,#,#,#,#
.,.,.,.,.,.,.,.,.,.,.,.,.,.,.,.,.,.,.,.,.,.,.,.,",",",",",",",",",",",",",",",",",",",",",",",",",",",",",",",",",",",",",",",",",",",",",",",",",",",",|,",",",",",",",",#,#,#,",",",",",",#,#,",",",",#,",",",",",",#,#,#,",",#,",",",",#,#,#,",",",",〰,〰,},},〰,〰,‥,‥,‥,‥,#,‥,#,#,‥,#,#,#,#,#,‥,‥,#,#,#,#,#,#,#,#,#,#,#,#,#,#,#,#,#,#,#,#,#,#,#,#,#,#,#,#,#,#,#,#,#,#,#,#,#,#,#,#,#,#,#,#,#,#,#,#,#,#,#,#,#,#,#,#,#,#,#,#,#,#,#,#,#,#,#,#,#,#,#,#,#,#,#,#,#,#,#,#,#,#,#,#,#,#,#,#,#,#,#,#,#,#,#,#,#,#,#,#,#,#,#,#,#,#,#,#,#,#,#,#,#,#,#,#,#,#,#,#,#,#,#,#,#
.,.,.,.,.,.,.,.,.,.,.,.,.,.,.,.,.,.,.,.,.,.,.,.,",",",",",",",",",",",",",",",",",",",",",",",",",",",",",",",",",",",",",",",",",",",",",",",",",",",",|,",",#,#,#,#,",",#,#,",",#,#,",",#,#,",",#,#,",",#,#,",",#,",",#,#,#,#,",",",",",",〰,〰,〰,#,〰,‥,‥,‥,#,#,#,#,#,‥,#,‥,#,#,#,‥,#,#,‥,#,#,#,#,#,#,#,#,#,#,#,#,#,#,#,#,#,#,#,#,#,#,#,#,#,#,#,#,#,#,#,#,#,#,#,#,#,#,#,#,#,#,#,#,#,#,#,#,#,#,#,#,#,#,#,#,#,#,#,#,#,#,#,#,#,#,#,#,#,#,#,#,#,#,#,#,#,#,#,#,#,#,#,#,#,#,#,#,#,#,#,#,#,#,#,#,#,#,#,#,#,#,#,#,#,#,#,#,#,#,#,#,#,#,#,#,#,#,#,#,#,#,#,#
.,.,.,.,.,.,.,.,.,.,.,.,.,.,.,.,.,.,.,.,.,.,.,.,",",",",",",",",",",",",",",",",",",",",",",",",",",",",",",",",",",",",",",",",",",",",",",",",",",",",|,",",",",",",#,",",#,#,",",#,",",",",#,",",#,#,#,",",#,",",",",#,#,#,",",#,#,",",#,",",",",",",〰,},},〰,‥,‥,#,#,‥,#,‥,#,#,‥,#,#,#,#,#,‥,#,#,#,#,#,#,#,#,#,#,#,#,#,#,#,#,#,#,#,#,#,#,#,#,#,#,#,#,#,#,#,#,#,#,#,#,#,#,#,#,#,#,#,#,#,#,#,#,#,#,#,#,#,#,#,#,#,#,#,#,#,#,#,#,#,#,#,#,#,#,#,#,#,#,#,#,#,#,#,#,#,#,#,#,#,#,#,#,#,#,#,#,#,#,#,#,#,#,#,#,#,#,#,#,#,#,#,#,#,#,#,#,#,#,#,#,#,#,#,#,#,#,#,#,#,#
.,.,.,.,.,.,.,.,.,.,.,.,.,.,.,.,.,.,.,.,.,.,.,.,",",",",",",",",",",",",",",",",",",",",",",",",",",",",",",",",",",",",",",",",",",",",",",",",",",",",|,#,#,",",#,#,#,#,",",#,#,",",",",#,#,",",#,#,#,#,#,#,#,#,#,#,#,#,#,",",",",〰,},#,〰,〰,#,#,#,‥,#,#,#,#,#,#,#,#,#,#,#,#,#,#,#,#,#,#,#,#,#,#,#,#,#,#,#,#,#,#,#,#,#,#,#,#,#,#,#,#,#,#,#,#,#,#,#,#,#,#,#,#,#,#,#,#,#,#,#,#,#,#,#,#,#,#,#,#,#,#,#,#,#,#,#,#,#,#,#,#,#,#,#,#,#,#,#,#,#,#,#,#,#,#,#,#,#,#,#,#,#,#,#,#,#,#,#,#,#,#,#,#,#,#,#,#,#,#,#,#,#,#,#,#,#,#,#,#,#,#,#,#,#,#,#,#,#,#