.,.,.,.,.,.,.,.,.,.,.,.,.,.,.,.,.,.,.,.,.,.,.,.,.,.,.,.,.,",",",",",",",",",",",",",",",",",",",",",",",",",",",",",",",",",",",",",",",",",",",",",",",",",",",",|,",",#,",",#,#,#,#,",",#,#,#,#,#,#,#,#,#,#,#,#,#,#,#,#,#,#,#,#,#,#,#,〰,},},},〰,#,#,#,#,#,#,#,#,#,#,#,#,#,#,#,#,#,#,#,#,#,#,#,#,#,#,#,#,#,#,#,#,#,#,#,#,#,#,#,#,#,#,#,#,#,#,#,#,#,#,#,#,#,#,#,#,#,#,#,#,#,#,#,#,#,#,#,#,#,#,#,#,#,#,#,#,#,#,#,#,#,#,#,#,#,#,#,#,#,#,#,#,#,#,#,#,#,#,#,#,#,#,#,#,#,#,#,#,#,#,#,#,#,#,#,#,#,#,#,#,#,#,#,#,#,#,#,#,#,#,#,#,#,#,#,#,#,#,#,#,#
.,.,.,.,.,.,.,.,.,.,.,.,.,.,.,.,.,.,.,.,.,.,.,.,.,.,.,.,.,",",",",█,█,█,█,█,█,█,█,█,",",",",",",",",",",",",",",",",",",",",",",",",",",",",#,|,",",",",",",#,",",",",#,#,#,#,",",",",#,#,",",#,#,#,#,",",#,#,#,#,#,#,#,#,#,",",〰,},},},},〰,‥,‥,‥,#,‥,‥,#,‥,#,‥,‥,#,‥,‥,#,#,#,#,#,#,#,#,#,#,#,#,#,#,#,#,#,#,#,#,#,#,#,#,#,#,#,#,#,#,#,#,#,#,#,#,#,#,#,#,#,#,#,#,#,#,#,‥,#,‥,‥,‥,‥,‥,‥,‥,‥,‥,‥,‥,‥,#,#,#,#,#,#,#,#,#,#,‥,‥,#,#,#,#,#,#,#,#,#,#,#,#,#,#,#,#,#,#,#,#,#,#,#,#,#,#,#,#,#,#,#,#,#,#,#,#,#,#,#,#,#,#,#,#,#,#,#,#,#,#,#,#,#,#
.,.,.,.,.,.,.,.,.,.,.,.,.,.,.,.,.,.,.,.,.,.,.,.,.,.,.,.,.,",",",",█,.,.,.,.,█,.,.,█,",",",",",",",",",",",",",",",",",",",",",",",",#,#,",",|,",",",",",",",",#,#,",",#,",",#,#,#,#,#,#,",",#,",",#,#,#,#,",",",",#,#,#,#,",",",",〰,〰,},},〰,〰,‥,‥,",",‥,#,#,#,#,‥,#,#,#,#,#,#,#,#,#,#,#,‥,#,#,#,#,#,#,#,#,#,#,#,#,#,#,#,#,#,#,#,#,#,#,#,#,#,#,#,#,#,#,#,#,#,#,#,#,#,#,#,‥,‥,‥,#,‥,‥,‥,‥,‥,‥,‥,‥,‥,#,#,#,#,#,#,#,#,#,#,#,#,#,#,#,#,#,#,#,#,#,#,#,#,#,#,#,#,#,#,#,#,#,#,#,#,#,#,#,#,#,#,#,#,#,#,#,#,#,#,#,#,#,#,#,#,#,#,#,#,#,#,#,#,#,#,#,#
.,.,.,.,.,.,.,.,.,.,.,.,.,.,.,.,.,.,.,.,.,.,.,.,.,.,.,.,.,",",",",█,.,.,.,.,█,.,.,█,",",",",",",",",",",",",",",",",",",",",",",",",",",",",",",|,",",",",",",",",",",",",",",#,#,",",#,#,",",",",#,#,",",#,#,",",#,#,#,#,",",#,#,",",",",",",〰,〰,〰,},〰,‥,‥,",",#,#,#,‥,#,‥,#,‥,#,‥,#,#,#,#,#,#,#,#,#,#,#,#,#,#,#,#,#,#,#,#,#,#,#,#,#,#,#,#,#,#,#,#,#,#,#,#,#,#,#,#,#,#,#,#,#,#,#,#,#,‥,‥,‥,‥,‥,‥,‥,‥,‥,‥,‥,‥,‥,#,#,#,#,#,#,#,#,#,#,#,#,#,#,#,#,#,#,#,#,#,#,#,#,#,#,#,#,#,#,#,#,#,#,#,#,#,#,#,#,#,#,#,#,#,#,#,#,#,#,#,#,#,#,#,#,#,#,#,#,#,#,#,#,#,#,#
.,.,.,.,.,.,.,.,.,.,.,.,.,.,.,.,.,.,.,.,.,.,.,.,.,.,.,.,.,",",",",█,.,.,.,.,█,.,.,█,",",",",",",",",",",",",",",",",",",",",",",",",",",",",",",|,",",",",",",",",",",",",#,",",",",#,#,",",#,",",",",",",#,",",",",#,#,#,#,#,",",#,",",#,",",",",‥,〰,},},〰,‥,‥,‥,#,‥,‥,#,‥,#,‥,#,#,#,#,#,#,#,#,#,#,#,#,#,‥,#,#,#,#,#,#,#,#,#,#,#,#,#,#,#,#,#,#,#,#,#,#,#,#,#,#,#,#,#,#,#,#,#,#,#,#,#,#,#,#,‥,‥,#,‥,‥,‥,‥,‥,‥,#,‥,#,#,#,#,#,#,#,#,#,‥,#,#,#,#,#,#,#,#,#,#,#,#,#,#,#,#,#,#,#,#,#,#,#,#,#,#,#,#,#,#,#,#,#,#,#,#,#,#,#,#,#,#,#,#,#,#,#,#,#,#,#,#,#,#,#,#,#
.,.,.,.,.,.,.,.,.,.,.,.,.,.,.,.,.,.,.,.,.,.,.,.,.,.,.,.,.,",",",",█,█,.,█,█,█,.,.,█,",",",",",",",",",",",",",",",",",",",",",",",",",",",",",",|,",",",",",",",",",",",",",",#,",",#,",",#,",",#,",",#,#,#,",",",",#,",",",",#,",",#,#,",",#,",",〰,},},〰,〰,‥,‥,#,‥,#,‥,#,‥,#,#,#,‥,‥,#,‥,#,#,‥,#,#,#,#,#,#,#,#,#,#,#,#,#,#,#,#,#,#,#,#,#,#,#,#,#,#,#,#,#,#,#,#,#,#,#,#,#,#,#,#,#,#,#,#,#,‥,#,‥,‥,#,‥,‥,‥,‥,#,#,#,#,#,#,#,#,#,#,#,#,#,#,#,#,#,#,#,#,#,#,#,#,#,#,‥,#,#,#,‥,#,#,#,#,#,#,#,#,#,‥,#,#,#,#,#,#,#,#,#,#,#,#,#,#,#,#,#,#,#,#,#,#,#,#,#,#,#,#,#
.,.,.,.,.,.,.,.,.,.,.,.,.,.,.,.,.,.,.,.,.,.,.,.,.,.,.,.,.,",",",",█,.,.,█,.,.,.,.,█,",",",",",",",",",",",",",",",",",",#,",",",",",",",",",",|,",",",",",",",",",",",",",",",",",",",",#,",",",",#,",",",",#,",",",",#,#,#,#,",",#,",",",",",",",",〰,},},},〰,‥,‥,‥,#,‥,#,",",#,#,‥,#,#,‥,#,#,#,‥,#,#,#,#,#,#,#,#,#,#,#,#,#,#,#,#,#,#,#,#,#,#,#,#,#,#,#,#,#,#,#,#,#,#,#,#,#,#,#,#,#,#,#,#,‥,#,#,#,‥,#,#,‥,#,#,‥,#,‥,#,#,#,#,#,#,#,#,#,#,#,#,#,#,#,#,#,#,#,‥,#,‥,#,‥,‥,‥,‥,‥,‥,#,#,#,#,#,#,#,#,#,#,#,#,#,‥,#,#,‥,#,#,#,#,#,#,#,#,#,#,#,#,#,#,#,#,#,#,#,#,#,#,#
.,.,.,.,.,.,.,.,.,.,.,.,.,.,.,.,.,.,.,.,.,.,.,.,.,.,.,.,.,",",",",█,.,.,█,.,.,.,.,█,",",",",",",",",",",",",",",",",",",",",",",",",",",",",",",|,",",",",",",",",",",",",",",",",",",#,",",",",#,",",",",#,",",#,#,#,",",#,",",#,",",#,#,",",",",〰,},},},〰,‥,‥,‥,",",#,‥,#,#,#,‥,#,‥,‥,#,‥,‥,#,#,#,#,#,#,#,#,#,#,#,#,#,#,#,#,#,#,#,#,#,#,#,#,#,#,#,#,#,#,#,#,#,#,#,#,#,#,#,#,#,#,‥,#,‥,#,#,#,#,#,#,#,#,#,#,#,#,#,#,#,#,#,#,#,#,#,#,#,#,#,#,#,#,#,#,#,#,#,‥,‥,‥,‥,‥,‥,#,‥,‥,#,#,#,#,#,#,#,#,#,#,#,#,#,#,#,‥,#,#,#,#,#,#,#,#,#,#,#,#,#,#,#,#,#,#,#,#,#,#,#,#
.,.,.,.,.,.,.,.,.,.,.,.,.,.,.,.,.,.,.,.,.,.,.,.,.,.,.,.,.,",",",",█,.,.,█,█,█,.,█,█,",",",",",",",",",",",",",",",",",",",",",",",",",",",",",",|,",",",",",",",",",",",",#,",",",",",",",",",",",",",",#,#,#,#,",",",",",",",",#,#,#,",",",",",",〰,〰,},},},〰,‥,‥,",",",",#,#,‥,#,‥,#,#,#,#,‥,#,#,#,#,#,#,#,#,#,#,#,#,#,#,#,#,#,#,#,#,#,#,#,#,#,#,#,#,#,#,#,#,#,#,#,#,#,#,#,#,#,#,#,#,#,#,#,#,#,#,#,#,#,#,#,#,#,#,#,#,#,#,#,#,#,#,#,#,#,#,#,#,#,#,#,#,#,#,#,‥,‥,‥,#,#,#,#,#,#,‥,‥,#,#,#,#,#,#,#,#,#,#,#,#,#,#,#,#,#,#,#,#,#,#,#,#,#,#,#,#,#,#,#,#,#,#,#,#,#,#,#
.,.,.,.,.,.,.,.,.,.,.,.,.,.,.,.,.,.,.,.,.,.,.,.,.,.,.,.,.,",",",",█,.,.,.,.,.,.,.,█,.,.,.,",",",",",",",",",",",",",",",",",",",",#,",",|,",",",",",",",",",",",",",",",",",",",",",",#,",",",",#,",",",",",",#,#,",",#,",",#,#,#,",",",",",",〰,},},〰,〰,‥,‥,‥,#,#,",",‥,#,#,#,",",‥,#,#,#,‥,#,#,#,#,#,#,#,#,#,#,#,#,#,#,#,#,#,#,#,#,#,#,#,#,#,#,#,#,#,#,#,#,#,#,#,#,#,#,#,#,#,#,#,#,#,#,#,‥,#,#,#,#,#,#,#,#,#,#,#,#,#,#,#,#,‥,#,#,#,#,#,#,#,#,#,#,#,‥,‥,‥,#,#,‥,#,#,#,#,‥,‥,#,#,#,#,#,#,#,#,#,#,#,#,#,#,#,#,#,#,#,#,#,#,#,#,#,#,#,#,‥,#,#,‥,‥,#,#,#,#,#,#
.,.,.,.,.,.,.,.,.,.,.,.,.,.,.,.,.,.,.,.,.,.,.,.,.,.,.,.,.,",",",",█,.,.,.,.,.,.,.,█,.,.,.,",",",",",",",",",",",",",",",",",",",",",",",",|,",",",",",",",",",",",",",",",",",",",",",",",",",",",",",",#,#,#,",",",",#,#,#,",",#,#,",",",",〰,〰,},〰,〰,‥,‥,‥,‥,#,‥,#,‥,‥,#,‥,#,‥,#,‥,#,#,#,#,#,#,#,#,#,#,#,#,#,#,#,#,#,#,#,#,#,#,#,‥,#,‥,‥,‥,#,#,#,#,#,#,#,#,#,‥,#,#,‥,#,#,#,#,#,‥,#,#,#,#,#,#,#,#,#,#,#,#,#,#,#,#,#,#,#,#,#,#,#,#,#,#,#,#,#,‥,#,‥,‥,#,#,#,#,#,#,#,‥,‥,#,#,#,#,#,#,#,#,#,‥,#,#,#,#,#,#,#,#,#,#,#,#,#,#,#,#,#,#,#,#,‥,‥,#,#,#,‥,‥,#,#,#
.,.,.,.,.,.,.,.,.,.,.,.,.,.,.,.,.,.,.,.,.,.,.,.,.,.,.,.,.,",",",",█,.,.,.,.,.,.,.,█,.,.,.,",",",",",",",",",",",",",",",",",",",",",",",",|,",",",",",",",",",",",",",",",",",",#,",",",",#,#,",",",",",",#,#,",",",",",",#,#,",",",",",",#,〰,},},〰,〰,‥,‥,#,‥,#,‥,#,#,#,‥,#,‥,#,#,#,‥,#,#,#,#,#,#,#,#,#,#,#,#,#,#,#,#,#,#,#,#,#,#,#,‥,‥,‥,‥,‥,#,‥,#,#,#,#,#,#,#,#,#,#,#,#,#,#,#,#,#,#,#,#,#,#,#,#,#,#,#,#,#,#,#,#,#,#,#,#,#,#,#,#,#,#,#,#,#,#,#,‥,‥,‥,#,#,#,#,#,#,‥,‥,#,#,#,#,#,#,#,#,#,#,#,#,#,#,#,#,#,#,#,#,#,#,#,#,#,#,#,#,#,‥,‥,‥,#,‥,‥,#,#,#,‥,#
.,.,.,.,.,.,.,.,.,.,.,.,.,.,.,.,.,.,.,.,.,.,.,.,.,.,.,.,.,",",",",█,.,.,.,.,.,.,.,█,.,.,.,",",",",",",",",",",",",",",",",",",#,",",",",|,",",",",",",",",",",",",",",",",",",",",",",#,#,#,",",#,",",#,",",",",#,#,",",#,",",",",",",",",〰,},},},〰,‥,‥,‥,‥,‥,#,",",#,‥,#,‥,#,#,#,‥,‥,#,#,#,#,#,#,#,#,#,#,#,#,#,#,#,#,#,#,#,#,#,#,#,‥,‥,‥,‥,‥,‥,#,#,#,#,#,#,#,#,#,#,#,#,#,#,#,#,#,#,#,#,#,#,#,#,#,#,#,#,‥,#,#,#,#,#,#,#,#,#,#,#,#,#,#,#,#,#,#,#,#,‥,‥,#,#,#,#,#,‥,‥,‥,#,#,#,#,#,#,#,#,#,#,#,#,#,#,#,#,#,#,#,#,#,#,#,#,#,#,#,‥,#,‥,‥,#,‥,‥,‥,‥,‥,#,#,#
.,.,.,.,.,.,.,.,.,.,.,.,.,.,.,.,.,.,.,.,.,.,.,.,.,.,.,.,.,.,.,Π,.,.,.,.,.,.,.,█,.,.,.,",",",",",",",",",",",",#,",",",",",",",",",",|,",",",",",",",",",",",",",",",",",",#,",",",",#,",",",",",",#,",",#,#,",",",",#,#,#,",",",",",",〰,},},},〰,〰,‥,#,‥,#,‥,#,‥,",",‥,#,#,‥,‥,#,#,#,#,#,#,‥,#,#,#,#,#,#,#,#,#,#,#,#,#,#,#,#,#,#,#,‥,‥,‥,‥,‥,‥,#,‥,#,#,#,#,#,#,#,#,#,#,#,‥,#,#,#,#,#,#,#,#,#,#,#,#,#,#,#,#,#,#,#,#,#,#,#,#,#,#,#,#,#,#,‥,#,#,#,#,‥,‥,‥,‥,#,‥,‥,‥,‥,#,#,#,#,#,#,#,#,#,#,#,#,#,#,#,#,#,#,#,#,#,#,#,#,#,#,#,#,‥,‥,‥,‥,‥,‥,‥,‥,‥,#,#,#
.,.,.,.,.,.,.,.,.,.,.,.,.,.,.,.,.,.,.,.,.,.,.,.,.,.,.,.,.,",",",",█,.,.,.,.,.,.,.,█,.,.,.,",",",",",",",",",",",",",",",",",",",",",",",",|,",",",",",",",",",",",",",",",",",",",",",",#,",",",",",",",",#,",",",",",",#,#,",",",",#,",",#,",",‥,〰,},},},〰,‥,‥,‥,‥,#,‥,",",‥,#,‥,#,#,#,‥,#,#,#,#,#,#,#,#,#,#,#,#,#,#,#,#,#,#,#,#,#,#,‥,#,#,#,‥,‥,‥,‥,‥,‥,#,#,#,#,#,#,#,#,#,#,#,#,#,#,#,#,#,#,#,#,#,#,‥,#,#,#,#,#,#,#,#,#,#,#,#,#,#,#,#,#,#,#,#,‥,#,#,#,#,#,‥,‥,‥,‥,‥,‥,#,#,‥,#,#,#,#,#,#,#,#,#,#,#,#,#,#,#,#,#,#,#,#,#,#,#,#,#,#,#,#,‥,‥,‥,‥,‥,‥,‥,‥,#,#,#
.,.,.,.,.,.,.,.,.,.,.,.,.,.,.,.,.,.,.,.,.,.,.,.,.,.,.,.,.,",",",",█,█,█,█,█,█,█,█,█,",",",",",",",",",",",",",",",",",",",",",",",",",",",",",",|,",",#,",",",",",",",",",",",",",",#,#,",",",",",",#,",",#,",",#,",",",",#,",",#,",",",",",",",",‥,〰,},},〰,#,‥,",",‥,‥,#,#,#,#,#,#,#,‥,#,‥,#,‥,#,#,#,#,#,#,#,#,#,#,#,#,#,#,#,#,#,#,#,#,#,#,‥,#,‥,‥,‥,‥,‥,‥,#,#,#,#,#,#,#,#,#,#,#,#,#,#,#,#,#,#,#,#,#,#,#,#,#,#,#,#,#,#,#,#,#,#,#,#,#,#,#,#,#,#,‥,‥,#,#,#,#,#,#,‥,#,‥,‥,#,#,#,#,#,#,#,#,#,#,#,#,#,#,#,#,#,#,#,#,#,#,#,#,#,#,#,#,#,#,#,#,#,#,‥,‥,‥,‥,‥,#,#,#,#
.,.,.,.,.,.,.,.,.,.,.,.,.,.,.,.,.,.,.,.,.,.,.,.,.,.,.,.,.,",",",",█,.,.,.,.,█,.,.,█,",",",",",",",",",",",",",",",",",",",",",",",",",",",",",",|,",",",",",",",",",",#,",",",",",",#,",",",",#,",",#,",",",",",",",",#,#,",",",",",",#,#,",",",",",",〰,},〰,〰,〰,‥,‥,‥,‥,",",#,‥,#,‥,#,‥,‥,#,#,‥,#,‥,‥,#,#,#,#,#,#,#,#,#,#,#,#,#,#,#,#,#,#,#,#,#,#,#,‥,‥,‥,‥,#,#,#,#,#,#,#,#,#,#,#,#,#,#,#,#,#,#,#,#,#,#,#,#,#,#,#,#,#,#,#,#,#,#,#,#,#,#,#,#,#,#,#,#,#,#,#,‥,#,#,#,#,#,#,#,#,#,#,#,#,#,#,#,#,#,#,#,#,#,#,#,#,#,#,#,#,#,#,#,#,#,#,#,#,#,#,‥,#,‥,‥,#,‥,‥,#,#,#,#,#
.,.,.,.,.,.,.,.,.,.,.,.,.,.,.,.,.,.,.,.,.,.,.,.,.,.,.,.,.,",",",",█,.,.,.,.,█,.,.,█,",",",",",",",",",",",",",",",",",",",",",",#,",",",",",",|,",",",",",",",",",",",",",",",",#,",",",",",",",",",",",",",",",",#,#,",",",",",",#,",",#,",",",",",",",",〰,},},〰,〰,‥,‥,‥,‥,#,#,#,#,#,#,#,#,‥,#,‥,#,#,#,#,#,#,#,#,‥,#,#,#,#,#,#,#,#,#,#,#,‥,#,#,#,#,#,#,‥,‥,#,#,#,#,#,#,#,#,#,#,#,#,#,#,#,#,#,#,#,#,#,#,#,#,#,#,#,#,#,#,#,#,#,#,#,#,#,#,#,#,#,#,#,#,#,#,#,#,#,#,#,#,#,#,#,#,#,#,#,#,#,#,#,#,#,#,#,#,#,#,#,#,#,#,#,#,#,#,#,#,#,#,#,#,#,#,#,#,‥,#,#,‥,#,#,‥,#,#,#,#
.,.,.,.,.,.,.,.,.,.,.,.,.,.,.,.,.,.,.,.,.,.,.,.,.,.,.,.,.,",",",",█,.,.,.,.,█,.,.,█,",",",",",",",",",",",",",",",",",",",",",",",",",",#,",",|,",",",",",",",",",",",",",",",",",",#,",",",",",",#,#,#,",",",",",",#,",",#,",",#,#,",",",",",",",",〰,},},},},〰,‥,‥,‥,#,‥,#,#,#,‥,‥,#,#,‥,#,‥,#,#,#,#,#,#,#,#,#,#,#,#,#,#,#,#,#,#,#,#,#,#,#,‥,#,#,#,‥,#,#,#,#,#,#,#,#,#,#,#,#,#,#,#,#,#,#,#,#,#,#,#,#,#,#,#,#,#,#,#,#,‥,#,#,#,#,#,#,#,#,#,#,‥,#,#,#,#,#,#,#,#,#,#,#,#,#,#,#,#,#,#,#,#,#,#,#,#,#,‥,#,#,#,#,#,#,#,#,#,#,#,#,#,#,#,#,#,#,#,#,#,#,#,#,#,#,#,#,#
.,.,.,.,.,.,.,.,.,.,.,.,.,.,.,.,.,.,.,.,.,.,.,.,.,.,.,.,.,",",",",█,█,.,█,█,█,.,.,█,",",",",",",",",",",",",",",",",",",",",",",",",",",",",",",|,",",",",",",",",",",",",",",#,#,",",",",",",#,#,",",",",",",#,",",#,#,",",#,#,",",#,",",",",",",〰,〰,},},},〰,‥,‥,#,‥,#,#,‥,",",‥,#,‥,‥,#,#,‥,#,‥,#,#,#,#,#,#,#,#,#,#,#,#,#,#,#,#,#,#,#,#,#,#,#,#,#,#,#,#,#,#,#,#,#,#,#,#,#,#,#,#,#,#,#,#,#,#,#,#,#,#,#,#,#,#,#,#,#,#,#,#,#,#,#,#,#,#,#,#,#,#,#,#,#,#,#,#,#,#,#,#,#,#,#,#,#,#,#,#,#,#,#,#,‥,#,#,#,#,#,#,#,#,#,#,#,#,#,#,#,#,#,#,#,#,#,#,#,#,#,#,#,#,#,#,#,#
.,.,.,.,.,.,.,.,.,.,.,.,.,.,.,.,.,.,.,.,.,.,.,.,.,.,.,.,.,",",",",█,.,.,█,.,.,.,.,█,",",",",",",",",",",",",",",",",",",",",",",",",",",",",",",|,",",",",",",",",",",",",",",",",",",#,",",",",",",",",",",",",",",",",",",#,",",#,#,#,#,#,",",",",〰,〰,〰,},},},〰,‥,‥,‥,",",#,‥,#,#,‥,‥,#,#,#,#,#,#,#,#,#,#,#,#,#,#,#,#,#,#,#,#,#,#,#,#,#,#,#,#,#,#,#,#,#,#,#,#,#,#,#,#,#,#,#,#,#,#,#,#,#,#,#,#,#,#,#,#,#,#,#,#,#,#,#,#,#,#,#,#,#,#,#,#,#,#,#,‥,#,#,#,#,#,#,#,#,#,#,#,#,#,#,#,#,#,‥,#,#,#,#,‥,#,#,#,#,#,#,#,#,#,#,#,#,#,#,#,‥,#,#,#,#,#,#,#,#,#,#,#,#,#,#,#,#,#
.,.,.,.,.,.,.,.,.,.,.,.,.,.,.,.,.,.,.,.,.,.,.,.,.,.,.,.,.,",",",",█,.,.,█,.,.,.,.,█,",",",",",",",",",",",",",",",",",",",",",",",",",",",",",",|,",",",",",",#,",",",",",",",",",",",",",",#,",",",",",",#,",",#,",",",",#,",",",",",",#,",",#,",",〰,#,〰,〰,},},},〰,‥,",",‥,‥,‥,#,‥,#,‥,#,‥,#,#,#,#,#,#,#,#,#,#,#,#,#,#,#,#,#,#,#,#,#,#,#,#,#,#,#,#,#,#,#,#,#,#,#,#,#,#,#,#,#,#,#,#,#,#,#,#,#,#,#,#,#,#,#,#,#,#,#,#,#,#,#,#,#,#,#,#,#,#,#,#,#,#,#,#,#,#,#,#,#,#,#,#,#,#,#,#,‥,#,#,#,#,#,#,#,#,‥,#,#,#,#,#,#,#,#,#,#,#,#,#,#,#,#,#,#,#,#,#,#,#,#,#,#,#,#,#,#,#,#
.,.,.,.,.,.,.,.,.,.,.,.,.,.,.,.,.,.,.,.,.,.,.,.,.,.,.,.,.,",",",",█,.,.,█,█,█,.,█,█,",",",",",",",",",",",",",",",",",",",",",",",",",",",",",",|,",",",",",",",",",",",",",",",",",",",",",",",",#,#,",",",",",",#,#,#,",",",",#,#,",",#,",",",",〰,〰,〰,},},},〰,‥,‥,‥,‥,‥,#,#,",",‥,#,#,‥,#,#,‥,#,#,#,‥,#,#,#,#,#,#,#,#,#,#,#,#,#,#,#,#,#,#,#,#,#,#,#,#,#,#,#,#,#,#,#,#,#,#,#,#,#,#,#,#,#,#,#,#,#,#,#,#,#,#,#,#,#,#,#,#,#,#,#,#,#,#,#,#,#,#,#,#,#,#,#,#,#,#,#,#,#,#,#,#,#,#,#,#,#,#,#,#,#,#,#,#,#,#,#,#,#,#,#,#,#,#,#,#,#,#,#,#,#,#,‥,#,#,#,#,#,#,#,#,#,#,#,#
.,.,.,.,.,.,.,.,.,.,.,.,.,.,.,.,.,.,.,.,.,.,.,.,.,.,.,.,.,",",",",█,.,.,.,.,.,.,.,█,.,.,.,",",",",",",",",",",",",",",",",",",",",",",",",|,",",",",",",",",",",",",",",",",",",",",#,#,",",#,",",",",",",",",",",",",",",#,#,",",",",#,",",",",",",〰,〰,},},},〰,",",‥,‥,‥,‥,",",#,#,‥,#,‥,#,#,‥,‥,#,#,#,#,#,#,#,#,#,#,#,#,#,#,#,#,#,#,#,#,#,#,#,#,#,#,#,#,#,#,#,#,#,#,#,#,#,#,#,#,#,#,#,#,#,#,#,#,#,#,#,#,#,#,#,#,#,#,#,#,#,#,#,#,#,#,#,#,#,#,#,#,#,#,#,#,#,#,#,#,#,#,#,#,#,#,#,#,#,#,#,#,#,#,#,#,#,#,#,#,#,#,#,#,#,#,#,#,#,#,#,#,#,#,#,#,#,#,#,#,#,#,#,#,#,#,#
.,.,.,.,.,.,.,.,.,.,.,.,.,.,.,.,.,.,.,.,.,.,.,.,.,.,.,.,.,",",",",█,.,.,.,.,.,.,.,█,.,.,.,",",",",",",",",",",",",",",",",",",",",",",",",|,",",",",",",",",",",",",",",",",",",",",",",",",#,",",",",",",",",#,",",#,#,#,",",#,",",",",#,",",",",〰,},},〰,},〰,‥,‥,",",‥,#,‥,#,#,#,#,#,#,#,#,‥,#,#,#,#,#,#,#,#,#,#,#,#,#,#,#,#,#,#,#,#,#,#,#,#,#,#,#,#,#,#,#,#,#,#,#,#,#,#,#,#,#,#,#,#,#,#,#,#,#,#,#,#,#,#,#,#,#,#,#,#,#,#,#,‥,#,#,#,#,#,#,#,#,#,#,#,#,#,#,#,#,#,#,#,#,#,#,#,#,#,‥,#,#,#,#,#,#,#,#,#,#,#,#,#,#,#,#,#,#,#,#,#,#,‥,#,#,#,#,#,#,#,#,#,#,#,#,#,#
.,.,.,.,.,.,.,.,.,.,.,.,.,.,.,.,.,.,.,.,.,.,.,.,.,.,.,.,.,",",",",█,.,.,.,.,.,.,.,█,.,.,.,",",",",",",",",",",",",",",",",",",",",",",",",|,",",",",",",",",",",",",",",",",",",",",",",",",",",",",",",",",#,",",#,",",",",#,",",#,#,#,",",",",",",〰,},〰,},},},〰,‥,‥,‥,‥,#,#,‥,#,#,‥,#,‥,#,#,#,#,#,#,#,#,#,#,#,#,#,#,#,#,#,#,#,#,#,#,#,#,#,#,#,#,#,#,#,#,#,#,#,#,#,#,#,#,#,#,#,#,#,#,#,#,#,#,#,#,#,#,#,#,#,#,#,#,#,‥,‥,#,#,#,#,#,#,#,#,#,#,#,#,#,#,#,#,#,#,‥,#,#,#,#,#,#,#,#,‥,#,#,#,#,#,#,#,#,#,#,#,#,#,#,#,#,#,#,#,#,#,#,#,#,#,#,#,#,#,#,#,#,#,#,#,#,#,#
.,.,.,.,.,.,.,.,.,.,.,.,.,.,.,.,.,.,.,.,.,.,.,.,.,.,.,.,.,",",",",█,.,.,.,.,.,.,.,█,.,.,.,",",",",",",",",",",",",",",",",",",",",",",",",|,",",",",",",",",",",",",#,",",",",",",",",#,",",",",#,",",#,",",#,#,",",",",#,",",#,",",",",",",",",〰,},〰,},},},〰,‥,‥,‥,‥,#,",",‥,‥,‥,#,‥,#,#,#,#,#,#,#,#,#,#,#,#,#,#,#,#,#,#,#,#,#,#,#,#,#,#,#,#,#,#,#,#,#,#,#,#,#,#,#,#,#,#,#,#,#,#,#,#,#,#,#,#,‥,#,#,#,#,#,#,#,#,#,#,#,‥,#,#,#,#,#,#,#,#,#,#,#,#,#,#,#,‥,#,‥,#,‥,‥,#,#,#,#,#,#,#,#,#,#,#,#,#,#,#,#,#,#,#,#,#,#,#,#,#,#,#,#,#,#,#,#,#,#,#,#,#,#,#,#,#,#,#,#
.,.,.,.,.,.,.,.,.,.,.,.,.,.,.,.,.,.,.,.,.,.,.,.,.,.,.,.,.,.,.,Π,.,.,.,.,.,.,.,█,.,.,.,",",",",",",",",",",",",",",",",",",#,",",",",|,",",",",",",",",",",",",",",",",",",#,",",#,",",#,",",",",",",#,",",",",#,#,#,",",#,",",",",#,",",",",〰,},},},},〰,‥,‥,‥,‥,",",#,‥,#,‥,‥,#,‥,#,‥,#,#,#,#,#,#,#,#,#,#,#,#,#,#,#,#,#,#,#,#,#,#,#,#,#,#,#,#,#,#,#,#,#,‥,#,#,#,#,#,#,#,#,#,#,#,#,#,#,#,#,#,#,#,#,#,#,#,#,#,#,#,#,#,#,#,#,#,#,#,#,#,#,#,#,#,#,#,‥,‥,‥,‥,‥,#,‥,#,#,#,#,#,#,‥,#,#,#,#,#,#,#,#,#,#,#,#,#,#,#,‥,#,#,#,#,#,#,#,#,#,#,#,#,#,#,#,#,#,#,#,#
.,.,.,.,.,.,.,.,.,.,.,.,.,.,.,.,.,.,.,.,.,.,.,.,.,.,.,.,.,",",",",█,.,.,.,.,.,.,.,█,.,.,.,",",",",",",",",",",",",",",",",",",",",",",",",|,",",",",",",",",",",",",",",",",",",",",",",",",",",",",",",#,",",",",#,#,",",#,",",",",#,#,",",",",",",",",〰,},},},},〰,‥,‥,‥,‥,",",‥,#,‥,#,‥,#,‥,#,#,#,‥,‥,#,‥,#,#,#,#,#,#,#,#,#,#,#,#,#,#,#,#,#,#,#,#,#,#,#,#,#,#,#,#,#,#,#,#,#,#,#,#,#,#,#,#,#,#,#,#,#,#,#,#,#,#,#,#,#,#,#,#,#,#,#,#,#,#,#,#,#,#,#,#,#,#,#,‥,‥,‥,‥,‥,‥,‥,#,#,#,#,#,#,#,#,#,#,#,#,#,#,#,#,#,‥,#,#,‥,#,‥,‥,#,#,#,#,#,#,#,#,#,#,#,#,#,#,#,#,#,#,#,#
.,.,.,.,.,.,.,.,.,.,.,.,.,.,.,.,.,.,.,.,.,.,.,.,.,.,.,.,.,",",",",█,█,█,█,█,█,█,█,█,",",",",",",",",",",",",",",",",",",",",",",",",",",",",",",|,",",",",",",",",",",",",",",",",",",",",",",",",",",",",",",",",#,#,#,",",#,",",#,",",#,",",#,",",",",",",",",〰,},},},},〰,‥,‥,‥,‥,#,#,‥,#,‥,#,#,‥,#,#,‥,#,#,#,#,#,#,#,#,#,#,#,#,#,#,#,#,#,#,#,#,#,#,#,#,#,#,#,#,#,#,#,#,#,#,#,#,#,#,#,#,#,#,#,#,#,#,#,#,#,#,#,#,#,#,#,#,#,#,#,#,#,#,#,#,#,#,#,#,#,#,#,#,‥,#,‥,#,‥,‥,‥,‥,#,‥,#,#,#,#,#,#,#,#,#,#,#,#,#,#,#,#,#,‥,#,‥,#,‥,‥,#,‥,‥,#,‥,#,#,#,#,#,#,#,#,#,#,#,#,#,#,#
.,.,.,.,.,.,.,.,.,.,.,.,.,.,.,.,.,.,.,.,.,.,.,.,.,.,.,.,.,",",",",█,.,.,.,.,█,.,.,█,",",",",",",",",",",",",",",",",",",",",",",",",",",",",",",|,",",",",",",",",",",",",",",#,",",",",",",",",#,",",",",#,",",",",",",#,#,#,",",",",#,",",",",",",",",",",#,〰,},〰,},},〰,‥,‥,‥,‥,#,",",#,‥,#,#,#,‥,#,‥,‥,#,‥,‥,#,#,#,#,#,#,#,#,#,#,#,#,#,#,#,#,#,#,#,#,#,#,#,#,#,#,#,#,#,#,#,#,#,#,#,#,#,#,#,#,#,#,#,#,#,#,#,#,‥,#,#,#,‥,#,#,#,#,#,#,#,#,#,#,#,#,#,#,#,#,#,‥,‥,‥,‥,‥,‥,‥,‥,‥,#,#,‥,#,#,#,#,#,#,#,#,‥,#,#,#,#,#,#,‥,#,‥,#,‥,‥,#,#,‥,#,#,#,#,#,#,#,#,#,#,#,#,#,#,#,#
.,.,.,.,.,.,.,.,.,.,.,.,.,.,.,.,.,.,.,.,.,.,.,.,.,.,.,.,.,",",",",█,.,.,.,.,█,.,.,█,",",",",",",",",",",",",",",",",",",",",",",",",",",",",",",|,",",",",",",",",",",",",",",",",#,",",#,",",",",#,",",",",",",",",#,#,",",",",#,#,#,",",",",#,",",",",",",〰,},〰,〰,},〰,‥,#,‥,‥,‥,‥,#,#,‥,#,‥,#,#,#,#,‥,#,#,#,#,#,#,#,#,#,#,#,#,#,#,#,#,#,#,#,#,#,#,#,#,#,#,#,#,‥,‥,#,#,#,#,#,#,#,#,#,#,#,#,#,#,#,#,#,#,#,#,#,‥,‥,‥,#,#,#,#,#,#,#,#,#,#,#,#,#,#,#,#,#,‥,#,‥,‥,‥,#,‥,‥,‥,#,‥,#,#,#,#,#,#,#,#,#,#,#,‥,#,#,#,‥,‥,‥,‥,‥,‥,‥,‥,‥,‥,‥,#,#,#,#,#,#,#,#,#,#,#,#,#,#,#,#
.,.,.,.,.,.,.,.,.,.,.,.,.,.,.,.,.,.,.,.,.,.,.,.,.,.,.,.,.,",",",",█,.,.,.,.,█,.,.,█,",",",",",",",",",",",",",",",",",",",",",",",",",",",",",",|,",",",",",",",",",",",",",",",",",",",",",",",",",",",",",",",",#,#,#,#,#,#,",",#,#,",",#,",",#,",",",",〰,},},〰,},〰,",",‥,",",‥,",",#,#,‥,‥,#,#,#,‥,‥,#,#,#,‥,#,#,#,#,#,#,#,#,#,#,#,#,#,#,#,#,#,#,#,#,#,#,#,#,#,#,#,#,#,#,#,#,#,#,#,#,#,#,#,#,#,#,#,#,#,#,#,#,‥,‥,‥,‥,#,#,#,#,#,#,#,#,#,#,#,#,#,#,#,#,#,#,#,#,‥,#,‥,‥,‥,‥,‥,#,#,#,#,#,#,#,#,‥,#,#,#,‥,#,‥,#,‥,‥,‥,‥,‥,‥,‥,‥,‥,‥,‥,‥,#,#,#,#,#,#,#,#,#,#,#,#,#,#,#
.,.,.,.,.,.,.,.,.,.,.,.,.,.,.,.,.,.,.,.,.,.,.,.,.,.,.,.,.,",",",",█,█,.,█,█,█,.,.,█,",",",",",",",",",",",",",",",",",",",",",",",",",",",",",",|,",",",",",",",",",",",",",",",",#,",",",",#,",",",",",",",",#,#,",",#,",",",",#,",",",",#,#,",",#,",",",",〰,},},},},〰,〰,‥,‥,‥,‥,#,‥,#,‥,‥,#,‥,#,‥,#,‥,#,#,#,#,#,#,#,#,#,#,#,#,#,#,#,#,#,#,#,#,#,#,#,#,‥,#,#,#,#,#,#,#,#,#,#,#,#,#,#,#,#,#,#,‥,#,#,#,#,‥,‥,#,‥,‥,‥,‥,#,#,#,#,#,#,#,#,#,#,#,#,#,#,#,‥,#,#,#,#,#,#,‥,‥,#,‥,#,‥,#,#,#,#,#,#,#,#,#,#,#,#,#,‥,‥,‥,‥,‥,‥,‥,‥,‥,‥,‥,‥,‥,‥,#,#,#,#,#,#,#,#,#,#,#,#,#,#
.,.,.,.,.,.,.,.,.,.,.,.,.,.,.,.,.,.,.,.,.,.,.,.,.,.,.,.,.,",",",",█,.,.,█,.,.,.,.,█,",",",",",",",",",",",",",",",",",",",",",",",",",",",",",",|,",",",",",",",",#,",",",",#,",",",",",",",",",",#,",",",",#,",",#,#,#,#,",",",",#,",",#,#,#,",",",",‥,〰,},〰,},},〰,",",‥,‥,‥,#,‥,#,#,#,‥,#,‥,#,#,#,‥,#,#,#,#,#,#,#,#,#,#,#,#,#,#,#,#,#,#,#,#,#,#,‥,#,#,#,#,#,#,#,#,#,#,#,#,#,#,#,#,#,#,#,#,#,#,#,#,#,#,#,#,#,‥,#,#,#,#,#,#,#,#,#,#,#,#,#,#,‥,#,#,#,#,#,#,‥,#,#,#,#,#,#,#,#,#,#,#,#,#,#,#,#,#,#,#,#,‥,‥,‥,‥,‥,‥,‥,‥,‥,‥,‥,‥,‥,‥,#,#,#,#,#,#,#,#,#,#,#,#,#,#
.,.,.,.,.,.,.,.,.,.,.,.,.,.,.,.,.,.,.,.,.,.,.,.,.,.,.,.,.,",",",",█,.,.,█,.,.,.,.,█,",",",",",",",",",",",",",",",",",",",",",",",",",",",",",",|,",",",",",",",",",",",",#,#,#,",",#,",",#,",",",",#,",",#,",",",",",",#,",",#,",",#,",",#,",",",",",",",",〰,},〰,},},〰,",",‥,‥,‥,‥,#,‥,#,‥,#,#,#,#,#,‥,#,#,#,#,#,#,#,#,#,#,#,#,#,#,#,#,#,#,#,#,#,#,#,#,#,#,#,#,#,#,#,#,#,#,#,#,#,#,#,#,#,#,#,#,#,‥,#,#,#,#,#,#,#,#,#,#,#,#,#,#,#,#,#,#,#,#,#,#,#,#,#,#,#,#,#,#,#,#,#,‥,#,#,#,#,#,#,#,#,#,#,#,#,#,‥,#,‥,‥,‥,‥,‥,‥,‥,‥,‥,‥,‥,‥,‥,#,‥,‥,#,#,#,#,#,#,#,#,#,#,#,#,#
.,.,.,.,.,.,.,.,.,.,.,.,.,.,.,.,.,.,.,.,.,.,.,.,.,.,.,.,.,",",",",█,.,.,█,█,█,.,█,█,",",",",",",",",",",",",",",",",",",",",",",",",",",",",",",|,",",",",",",",",",",",",",",",",",",#,",",#,",",#,",",#,",",",",#,#,",",",",#,",",#,",",",",#,",",#,",",",",〰,},},〰,},〰,‥,",",‥,",",#,‥,#,‥,#,‥,#,#,‥,‥,#,#,#,#,#,#,#,#,#,#,#,#,#,#,#,#,#,‥,#,‥,‥,#,‥,#,#,#,#,#,#,#,#,#,#,#,#,#,#,#,#,#,#,#,#,#,#,#,#,#,#,#,#,#,#,#,#,#,#,#,#,#,#,#,#,#,#,#,#,#,#,#,#,#,#,#,#,#,#,#,#,#,#,#,#,#,#,#,#,#,#,#,#,#,#,#,#,#,#,‥,#,‥,‥,‥,‥,‥,‥,‥,‥,‥,‥,‥,#,#,#,#,#,#,#,#,#,#,#,#,#,#,#
.,.,.,.,.,.,.,.,.,.,.,.,.,.,.,.,.,.,.,.,.,.,.,.,.,.,.,.,.,",",",",█,.,.,.,.,.,.,.,█,.,.,.,",",",",",",",",",",",",",",",",",",",",",",",",|,#,",",",",",",",",",",",",#,",",",",",",#,#,",",",",#,#,#,#,",",#,#,",",#,",",#,#,#,",",",",",",",",〰,},},},〰,〰,‥,‥,‥,‥,‥,#,‥,‥,‥,#,‥,#,#,#,‥,#,#,#,#,#,#,#,#,#,#,#,‥,#,#,‥,#,#,‥,‥,‥,‥,‥,#,#,#,#,#,#,#,#,#,#,#,#,#,#,#,#,#,#,#,#,#,#,#,#,#,#,#,#,#,#,#,#,#,#,#,#,#,#,#,#,#,#,#,#,#,#,#,#,#,#,#,#,#,#,#,#,#,#,#,#,#,#,#,#,#,#,#,#,#,#,#,#,#,‥,#,‥,‥,‥,‥,‥,‥,‥,‥,‥,‥,‥,#,#,‥,#,#,#,#,#,#,#,#,#,#,#,#,#
.,.,.,.,.,.,.,.,.,.,.,.,.,.,.,.,.,.,.,.,.,.,.,.,.,.,.,.,.,",",",",█,.,.,.,.,.,.,.,█,.,.,.,",",",",",",",",",",",",",",",",",",",",",",",",|,#,",",",",",",",",",",",",",",",",",",",",",",",",#,#,#,",",",",",",",",",",",",#,",",",",#,",",",",",",",",",",〰,〰,〰,〰,},〰,〰,‥,#,‥,‥,‥,#,#,#,#,#,#,#,‥,#,‥,#,‥,#,#,#,#,#,#,‥,#,#,#,#,‥,‥,‥,‥,‥,‥,‥,‥,#,#,#,#,#,#,#,#,#,#,#,#,#,#,#,#,#,#,#,#,#,#,#,#,#,#,#,#,#,#,#,#,#,#,#,#,#,#,#,#,#,#,#,#,#,#,#,#,#,#,#,#,#,#,#,#,#,#,#,#,#,#,#,#,#,#,#,#,#,#,#,#,#,#,‥,‥,‥,‥,‥,‥,‥,‥,‥,‥,‥,‥,‥,‥,‥,#,#,#,#,#,#,#,#,#,#,#,#,#,#
.,.,.,.,.,.,.,.,.,.,.,.,.,.,.,.,.,.,.,.,.,.,.,.,.,.,.,.,.,",",",",█,.,.,.,.,.,.,.,█,.,.,.,",",",",",",",",",",",",",",",",",",",",",",",",|,",",",",",",",",",",",",",",",",",",",",",",",",",",",",",",",",",",#,#,#,#,#,#,#,#,",",#,",",#,",",‥,〰,},},},},〰,〰,〰,‥,‥,‥,‥,‥,#,‥,#,‥,#,‥,‥,#,#,‥,#,#,#,#,#,#,#,#,#,#,#,‥,#,#,‥,‥,‥,‥,‥,‥,‥,#,#,#,#,#,#,#,#,#,#,#,#,#,#,#,#,#,#,#,#,#,#,#,#,#,#,#,#,#,#,#,#,#,#,#,#,#,#,#,#,#,#,#,#,#,#,#,#,#,#,#,#,#,#,#,#,#,#,#,#,#,#,#,#,#,#,#,#,#,#,#,#,#,#,#,‥,#,‥,‥,‥,‥,‥,‥,‥,‥,‥,‥,#,#,#,#,#,#,#,#,#,#,#,#,#,#,#
.,.,.,.,.,.,.,.,.,.,.,.,.,.,.,.,.,.,.,.,.,.,.,.,.,.,.,.,.,",",",",█,.,.,.,.,.,.,.,█,.,.,.,",",",",",",",",",",",",",",",",",",",",",",",",|,",",",",",",",",",",",",",",",",",",",",#,",",",",",",",",",",",",",",#,",",#,#,#,",",#,#,",",#,",",",",",",#,〰,},},〰,〰,#,〰,〰,‥,",",‥,#,#,#,#,#,#,#,#,‥,#,‥,#,#,#,#,#,#,‥,#,#,#,‥,#,‥,‥,‥,‥,‥,‥,‥,‥,‥,#,#,#,#,#,#,#,#,#,#,#,#,#,#,#,#,#,#,#,#,#,#,#,#,#,#,#,#,#,#,#,#,#,#,#,#,#,#,#,#,#,#,#,#,#,#,#,#,#,#,#,#,#,#,#,#,#,#,#,#,#,#,#,#,#,#,#,‥,#,#,#,#,#,#,#,‥,#,#,‥,‥,‥,‥,‥,‥,#,‥,#,#,#,#,#,#,#,#,#,#,#,#,#,#,#,#
.,.,.,.,.,.,.,.,.,.,.,.,.,.,.,.,.,.,.,.,.,.,.,.,.,.,.,.,.,.,.,Π,.,.,.,.,.,.,.,█,.,.,.,",",",",",",",",",",",",",",",",",",",",",",‥,‥,‥,‥,‥,‥,",",‥,",",‥,‥,‥,‥,",",",",‥,‥,",",‥,",",‥,",",#,‥,#,",",#,",",",",‥,‥,‥,〰,〰,〰,},〰,〰,〰,〰,〰,〰,‥,‥,‥,#,",",#,#,#,‥,‥,#,#,‥,#,‥,#,#,‥,#,#,#,#,‥,#,#,‥,#,#,‥,‥,‥,‥,‥,#,#,#,#,#,#,#,#,#,#,#,#,#,#,#,#,#,#,#,#,#,#,#,#,#,#,#,#,#,#,#,#,#,#,#,#,#,#,#,#,#,#,‥,#,#,#,#,#,#,#,#,#,#,#,#,#,#,#,#,#,#,#,#,#,#,#,#,#,#,‥,#,#,#,#,#,#,#,#,#,‥,#,#,‥,‥,#,#,‥,#,#,#,#,#,#,#,#,#,#,#,#,#,#,#,#,#
.,.,.,.,.,.,.,.,.,.,.,.,.,.,.,.,.,.,.,.,.,.,.,.,.,.,.,.,.,",",",",█,.,.,.,.,.,.,.,█,.,.,.,",",",",",",",",",",",",",",",",‥,",",‥,‥,‥,‥,‥,‥,",",‥,",",‥,",",‥,",",",",‥,‥,‥,",",",",‥,‥,",",‥,‥,‥,‥,‥,",",‥,",",‥,‥,〰,〰,〰,〰,〰,},〰,〰,〰,〰,‥,‥,‥,#,‥,#,#,‥,‥,‥,#,‥,‥,#,#,‥,#,#,#,#,#,#,#,#,#,#,#,#,‥,#,‥,‥,‥,#,‥,#,#,#,#,#,#,#,#,#,#,#,#,#,#,#,#,#,#,#,#,#,#,#,#,#,#,#,#,#,#,#,#,#,#,#,#,#,#,#,#,#,#,#,#,‥,#,#,#,#,#,#,#,#,#,#,#,#,#,#,#,#,#,#,#,#,#,#,#,‥,#,#,#,#,#,#,#,#,‥,#,#,‥,‥,#,#,#,#,#,#,#,#,#,#,#,#,#,#,#,#,#,#,#,#,#
.,.,.,.,.,.,.,.,.,.,.,.,.,.,.,.,.,.,.,.,.,.,.,.,.,.,.,.,.,",",",",█,█,█,█,█,█,█,█,█,",",",",",",",",",",",",",",",",",",",",",",",",",",",",",",",",",",",",",",",",",",",",",",",",",",",",",",",",",",",",",",",",",",",",#,",",",",#,",",",",",",",",",",",",‥,〰,〰,〰,〰,},},},〰,〰,〰,‥,‥,‥,‥,‥,#,‥,#,#,‥,‥,#,#,#,#,#,#,#,#,#,#,#,#,#,#,#,#,#,#,#,#,‥,#,‥,#,#,#,#,#,#,#,#,#,#,#,#,#,#,#,#,#,#,#,#,#,#,#,#,#,#,#,#,#,#,#,#,#,#,#,#,#,#,‥,#,#,#,#,‥,#,#,#,#,#,#,#,#,#,#,#,#,#,#,#,#,#,#,#,#,#,#,#,#,#,#,#,#,#,#,#,#,#,#,#,#,‥,#,#,#,‥,#,#,#,#,#,#,#,#,#,#,#,#,#,#,#,#,#,#,#
.,.,.,.,.,.,.,.,.,.,.,.,.,.,.,.,.,.,.,.,.,.,.,.,.,.,.,.,.,",",",",",",",",",",",",",",",",",",",",",",",",",",",",",",",",",",",",",",",",",",",",",",",",",",",",|,",",",",",",",",",",",",",",",",",",",",",",",",",",",",",",",",",",",",",",",",#,",",",",",",",",#,",",",",",",",",〰,〰,},},〰,〰,〰,#,‥,‥,‥,‥,‥,‥,‥,‥,#,‥,#,‥,#,‥,#,#,#,#,#,#,#,#,#,#,#,#,#,#,#,#,#,#,#,#,#,#,#,#,#,#,#,#,#,#,#,#,#,#,#,#,#,#,#,#,#,#,#,#,#,#,#,#,#,#,#,#,#,#,#,#,#,#,#,#,‥,‥,‥,‥,#,‥,#,#,#,#,#,#,#,#,#,#,#,‥,#,#,#,#,#,#,#,‥,#,#,#,#,#,#,#,#,#,#,#,#,#,#,#,#,#,#,#,#,#,#,#,#,#,#,#,#,#,#,#,#,#,#,#,#,#,#,#
.,.,.,.,.,.,.,.,.,.,.,.,.,.,.,.,.,.,.,.,.,.,.,.,.,.,.,.,.,",",",",",",",",",",",",",",",",",",",",",",",",",",",",",",",",",",",",",",",",",",",",",",",",",",",",|,",",",",",",",",",",",",",",",",",",",",",",",",",",",",",",",",",",#,#,#,",",",",#,#,",",",",",",",",",",",",#,〰,〰,},},},〰,〰,‥,‥,‥,‥,‥,#,‥,#,‥,#,‥,#,#,#,‥,#,#,#,#,#,#,#,#,#,#,#,#,#,#,#,#,#,#,#,#,#,#,#,#,#,#,#,#,#,#,#,#,#,#,#,#,#,#,#,#,#,#,#,#,#,#,#,#,#,#,#,#,#,#,#,#,#,#,‥,‥,‥,‥,‥,‥,#,#,#,#,#,#,#,#,#,#,#,#,#,#,#,#,#,#,#,#,#,#,#,#,#,#,#,#,#,#,#,#,#,#,#,#,#,#,#,#,#,#,#,#,#,#,#,#,#,#,#,#,#,#,#,#,#,#,#,#
.,.,.,.,.,.,.,.,.,.,.,.,.,.,.,.,.,.,.,.,.,.,.,.,.,.,.,.,.,",",",",",",",",",",",",",",",",",",",",",",",",",",",",",",",",",",",",",",",",",",",",",",",",",",",",|,",",",",",",",",",",",",",",",",",",",",",",",",",",",",",",",",#,#,",",#,#,",",#,",",#,#,",",",",",",",",",",〰,},〰,},〰,〰,〰,‥,‥,‥,#,#,‥,#,‥,‥,#,#,‥,#,‥,#,#,#,#,#,#,#,#,#,#,#,#,#,#,#,#,#,#,#,#,#,#,#,#,#,#,#,#,#,#,#,#,#,#,#,#,#,#,#,#,#,#,#,#,#,#,#,#,#,#,#,#,#,#,#,#,#,#,‥,‥,‥,‥,‥,‥,#,#,#,#,#,#,#,#,#,#,#,#,#,#,#,#,#,#,#,#,#,#,#,#,#,#,#,#,#,#,#,#,#,#,#,#,#,#,#,#,#,#,#,#,#,#,#,#,#,#,#,#,#,#,#,#,#,#,#,#,#
.,.,.,.,.,.,.,.,.,.,.,.,.,.,.,.,.,.,.,.,.,.,.,.,.,.,.,.,.,",",",",",",",",",",",",",",",",",",",",",",",",",",",",",",",",",",",",",",",",",",",",",",",",#,",",|,",",",",",",",",",",",",",",",",",",",",",",",",",",",",",",#,",",#,#,#,",",#,#,#,#,",",#,",",",",",",",",",",〰,},},},〰,〰,‥,‥,‥,‥,‥,#,‥,#,#,#,#,#,#,#,#,#,#,#,#,#,#,#,#,#,#,#,#,#,#,#,#,#,#,#,#,#,#,#,#,#,#,#,#,#,#,#,#,#,#,#,#,#,#,#,#,‥,#,#,#,#,#,#,#,#,#,#,#,#,#,#,#,‥,‥,‥,‥,‥,‥,#,‥,#,#,#,#,#,#,#,#,#,#,#,#,#,#,#,#,#,#,#,#,#,#,#,#,#,#,#,#,#,#,#,#,#,#,#,#,#,#,#,#,#,#,#,#,#,#,#,#,#,#,#,#,#,#,#,#,#,#,#,#
.,.,.,.,.,.,.,.,.,.,.,.,.,.,.,.,.,.,.,.,.,.,.,.,.,.,.,.,.,",",",",",",",",",",",",",",",",",",",",",",",",",",",",",",",",",",",",",",",",",",",",",",",",",",",",|,",",",",",",",",",",",",",",",",",",",",#,",",",",#,",",",",#,#,",",#,",",#,#,",",",",#,#,",",",",",",",",",",〰,〰,〰,},〰,〰,〰,‥,‥,#,‥,‥,#,#,#,‥,#,‥,#,#,‥,#,#,#,#,#,#,#,#,#,#,#,#,#,#,#,#,#,#,#,#,#,#,#,#,#,#,#,#,#,#,#,#,#,#,#,#,#,#,#,#,#,#,#,#,#,#,#,#,#,#,#,#,#,‥,#,#,#,‥,‥,‥,‥,‥,#,#,#,#,#,#,#,#,#,#,#,#,#,#,#,#,#,#,#,#,#,#,#,#,#,#,#,#,#,#,#,#,#,#,#,#,#,#,#,#,#,#,#,#,#,#,#,#,#,#,#,#,#,#,#,#,#,#,#,#,#,#
.,.,.,.,.,.,.,.,.,.,.,.,.,.,.,.,.,.,.,.,.,.,.,.,.,.,.,.,.,",",",",",",",",",",",",",",",",",",",",",",",",",",",",",",",",",",",",",",",",",",",",",",",",",",",",|,",",",",",",",",",",",",",",",",#,",",",",",",",",",",",",#,#,",",#,#,#,#,",",",",#,",",#,",",#,#,",",",",〰,〰,},},},〰,〰,‥,‥,‥,#,‥,‥,‥,‥,#,#,#,‥,#,#,#,#,#,#,#,#,#,#,#,#,#,#,#,#,#,#,#,#,#,#,#,#,#,#,#,#,#,#,#,#,#,#,#,#,#,#,#,#,#,#,#,#,#,#,#,#,#,#,#,#,#,#,#,#,#,#,#,‥,‥,‥,#,#,#,#,#,#,#,#,#,#,#,#,#,#,#,#,#,#,#,#,#,#,#,#,#,#,#,#,#,#,#,#,#,#,#,#,#,#,#,#,#,#,#,#,#,#,#,#,#,#,#,#,#,#,#,#,#,#,#,#,#,#,#,#
.,.,.,.,.,.,.,.,.,.,.,.,.,.,.,.,.,.,.,.,.,.,.,.,.,.,.,.,.,",",",",",",",",",",",",",",",",",",",",",",",",",",",",",",",",",",",",",",",",",",",",",",",",",",",",|,",",",",",",",",",",",",",",",",",",#,",",",",#,",",#,#,",",#,#,",",",",",",#,#,",",#,",",#,#,",",#,",",",",〰,},},},},〰,‥,‥,#,‥,#,#,‥,#,‥,‥,‥,#,‥,#,#,#,#,#,#,#,#,#,#,#,#,#,#,#,#,#,#,#,#,#,#,#,#,#,#,#,#,#,#,#,#,‥,#,#,#,#,#,#,#,#,#,#,#,#,#,#,#,#,#,#,#,#,‥,#,#,#,‥,#,‥,#,‥,#,#,#,#,#,#,#,#,#,#,#,#,#,#,#,#,#,#,‥,#,#,#,#,#,#,#,#,#,#,#,#,#,#,#,#,#,#,#,#,#,#,#,#,#,#,#,#,#,#,#,#,#,#,#,#,#,#,#,#,#,#,#,#
.,.,.,.,.,.,.,.,.,.,.,.,.,.,.,.,.,.,.,.,.,.,.,.,.,.,.,.,.,",",",",",",",",",",",",",",",",",",",",",",",",",",",",",",",",",",",",",",",",",",",",",",",",",",",",|,",",",",",",",",",",",",",",",",#,#,",",#,",",",",",",",",#,",",",",#,",",#,",",#,",",#,",",#,",",#,#,",",",",〰,〰,},〰,},〰,‥,‥,#,‥,‥,‥,#,#,#,‥,#,#,#,#,#,#,#,#,#,#,#,#,#,#,#,#,#,#,#,#,#,#,#,#,#,#,#,#,#,#,#,#,#,#,#,#,#,#,#,#,#,#,#,#,#,#,#,#,#,#,#,‥,#,‥,‥,‥,‥,#,#,‥,#,#,#,#,#,#,#,#,#,#,#,#,#,#,#,#,#,#,#,#,#,#,#,#,#,#,#,#,#,#,#,#,#,#,#,#,#,#,#,#,#,#,#,#,#,#,#,#,#,#,#,#,#,#,#,#,#,#,#,#,#,#,#,#,#,#,#,#
.,.,.,.,.,.,.,.,.,.,.,.,.,.,.,.,.,.,.,.,.,.,.,.,.,.,.,.,.,",",",",",",",",",",",",",",",",",",",",",",",",",",",",",",",",",",",",",",",",",",",",",",",",",",",",|,",",",",",",",",",",",",",",",",",",",",#,",",",",#,",",",",",",#,#,",",#,",",",",#,#,",",#,",",#,#,",",",",",",‥,〰,},},#,〰,‥,‥,‥,#,‥,#,‥,#,‥,#,‥,#,#,#,#,#,#,‥,#,#,#,#,#,#,#,#,#,#,#,#,#,#,#,#,#,#,#,#,#,#,#,#,‥,#,#,#,#,#,#,#,#,#,#,#,#,#,#,#,#,#,#,#,‥,‥,‥,‥,‥,‥,‥,#,#,#,#,#,#,#,#,#,#,#,#,#,#,#,#,#,#,#,#,‥,#,#,#,#,#,#,#,#,#,#,#,#,#,#,#,#,#,#,#,#,#,#,#,#,#,#,#,#,#,#,#,#,#,#,#,#,#,#,#,#,#,#,#,#,#,#,#,#
.,.,.,.,.,.,.,.,.,.,.,.,.,.,.,.,.,.,.,.,.,.,.,.,.,.,.,.,.,",",",",",",",",",",",",",",",",",",",",",",",",",",",",",",",",",",",",",",",",",",",",",",",",",",",",|,",",",",",",",",",",",",",",",",#,",",",",",",",",",",",",#,",",",",",",#,",",#,#,#,#,#,#,#,#,",",",",",",#,‥,〰,},#,},〰,‥,‥,#,‥,#,‥,#,#,#,#,‥,‥,#,#,#,‥,#,#,#,#,#,#,#,#,#,#,#,#,#,#,#,#,#,#,#,#,#,#,#,#,#,#,#,#,#,#,#,#,#,#,#,#,#,#,#,#,#,#,#,#,#,‥,#,‥,‥,‥,‥,‥,#,#,#,#,#,#,#,#,#,#,#,#,#,#,#,#,#,#,#,#,#,#,#,#,#,#,#,#,#,#,#,#,#,#,#,#,#,#,#,#,#,#,#,#,#,#,#,#,#,#,#,#,#,#,#,#,#,#,#,#,#,#,#,#,#,#,#,#,#,#
.,.,.,.,.,.,.,.,.,.,.,.,.,.,.,.,.,.,.,.,.,.,.,.,.,.,.,.,.,",",",",",",",",",",",",",",",",",",",",",",",",",",",",",",",",",",",",",",",",",",",",",",",",",",",",|,",",",",",",",",",",#,",",#,#,",",",",",",#,",",#,#,",",#,",",",",#,#,#,",",#,",",#,",",#,#,",",",",",",〰,〰,},},},〰,‥,‥,#,#,‥,#,",",‥,‥,#,#,#,#,#,#,#,#,#,#,#,#,#,#,#,#,#,#,#,#,#,#,#,#,#,#,#,#,#,#,#,#,#,#,#,#,#,#,#,#,#,#,#,#,#,#,#,#,#,#,#,#,‥,‥,‥,‥,‥,‥,‥,#,#,#,#,#,#,#,#,#,#,#,#,#,#,#,#,#,#,#,#,#,#,#,‥,#,#,#,#,#,#,#,#,#,#,#,#,#,#,#,#,#,#,#,#,#,#,#,‥,#,‥,#,‥,#,#,#,#,#,#,#,#,#,#,#,#,#,#,#,#,#,#
.,.,.,.,.,.,.,.,.,.,.,.,.,.,.,.,.,.,.,.,.,.,.,.,.,.,.,.,.,",",",",",",",",",",",",",",",",",",",",",",",",",",",",",",",",",",",",",",",",",",",",",",",",",",",",|,#,",",",",",",",",",",",",",",#,",",",",",",",",",",",",#,#,",",#,",",",",",",",",#,#,#,",",",",#,",",",",",",",",〰,},},},〰,〰,‥,‥,#,‥,‥,#,‥,#,#,‥,#,‥,#,#,#,#,#,#,#,#,#,#,#,#,#,#,#,#,#,#,#,#,#,#,#,#,#,#,#,#,#,#,#,#,#,#,#,#,#,#,#,#,#,#,#,#,#,#,#,#,‥,#,‥,‥,‥,‥,‥,‥,#,#,#,#,#,#,#,#,#,#,#,#,#,#,#,#,#,#,#,#,#,#,#,#,#,#,#,#,#,#,#,#,#,#,#,#,#,#,#,#,#,#,‥,‥,#,#,#,#,‥,‥,‥,‥,#,#,#,#,#,#,#,#,#,#,#,#,#,#,#,#,#,#
.,.,.,.,.,.,.,.,.,.,.,.,.,.,.,.,.,.,.,.,.,.,.,.,.,.,.,.,.,",",",",",",",",",",",",",",",",",",",",",",",",",",",",",",",",",",",",",",",",",",",",",",#,",",",",|,",",",",",",",",",",",",",",#,",",",",",",",",",",",",",",#,",",#,",",#,#,",",#,",",",",",",#,",",",",#,",",",",〰,〰,},〰,},〰,‥,‥,",",‥,‥,‥,",",‥,#,‥,‥,‥,#,#,#,#,#,#,#,#,#,#,#,#,#,#,#,#,#,#,#,#,#,#,#,#,#,#,#,#,#,#,#,#,#,#,#,#,#,#,#,#,#,#,#,#,#,#,‥,#,#,#,‥,#,‥,‥,‥,#,#,#,#,#,#,#,#,#,#,#,#,#,‥,#,#,#,#,#,#,#,#,#,#,#,#,#,#,#,#,#,#,#,#,#,#,#,#,#,#,#,#,‥,#,‥,#,#,#,#,‥,‥,‥,‥,‥,#,‥,#,#,#,#,#,#,#,#,#,#,#,#,#,#,#,#
.,.,.,.,.,.,.,.,.,.,.,.,.,.,.,.,.,.,.,.,.,.,.,.,.,.,.,.,.,",",",",",",",",",",",",",",",",",",",",",",",",",",",",",",",",",",",",",",",",",",",",",",",",",",",",|,#,",",",",",",",",",",",",",",",",",",#,",",",",#,",",",",#,#,",",",",",",#,#,#,",",#,",",#,",",",",",",",",〰,〰,〰,},},〰,‥,‥,‥,‥,‥,#,#,‥,‥,‥,#,‥,#,#,#,#,#,#,#,#,#,#,#,#,#,#,#,#,#,#,#,#,#,#,#,#,‥,#,#,#,#,#,#,#,#,#,#,#,#,#,#,#,#,#,#,#,#,#,#,#,#,#,#,‥,‥,‥,#,‥,#,#,#,#,#,#,#,#,#,#,#,#,#,#,#,#,#,#,#,#,#,#,#,#,#,#,#,#,#,#,#,#,#,#,#,#,#,#,#,#,#,#,#,#,#,#,#,‥,‥,‥,‥,‥,‥,‥,#,#,#,#,#,#,#,#,#,#,#,#,#,#,#,#,#
.,.,.,.,.,.,.,.,.,.,.,.,.,.,.,.,.,.,.,.,.,.,.,.,.,.,.,.,.,",",",",",",",",",",",",",",",",",",",",",",",",",",",",",",",",",",",",",",",",",",",",",",",",",",",",|,#,",",",",",",",",",",#,",",#,",",",",#,",",",",#,",",#,",",#,",",#,",",#,",",#,",",#,",",#,",",",",",",",",〰,},#,},〰,‥,‥,#,‥,‥,‥,#,‥,#,#,‥,#,#,‥,#,#,#,#,#,#,#,#,#,#,#,#,#,#,#,#,#,#,#,#,#,#,#,#,#,#,#,#,#,#,#,#,#,#,#,#,#,#,#,#,#,#,‥,#,‥,#,‥,#,#,#,#,#,#,#,#,#,#,#,#,#,#,#,#,#,#,#,#,#,#,#,#,#,#,#,#,#,#,#,#,#,#,#,#,#,#,#,#,#,#,#,#,#,#,‥,#,#,#,#,#,#,‥,‥,‥,‥,‥,‥,‥,‥,‥,#,#,#,#,#,#,#,#,#,#,#,#,#,#,#,#
.,.,.,.,.,.,.,.,.,.,.,.,.,.,.,.,.,.,.,.,.,.,.,.,.,.,.,.,.,",",",",",",",",",",",",",",",",",",",",",",",",",",",",",",",",",",",",",",",",",",",",",",",",",",",",|,#,",",",",",",",",#,",",",",",",",",",",",",#,",",",",",",",",#,",",#,",",#,#,#,#,",",",",#,",",",",",",",",〰,〰,},},},〰,‥,‥,‥,‥,#,‥,‥,‥,#,‥,#,#,#,#,#,#,#,#,#,#,#,#,#,#,#,#,#,#,#,#,#,#,#,#,#,#,#,#,#,#,#,#,#,#,#,#,#,#,#,#,#,#,#,#,#,#,#,#,#,#,#,#,#,#,#,#,#,#,#,#,#,#,#,#,#,#,#,#,#,#,#,#,#,#,#,#,#,#,#,#,#,#,#,#,#,#,#,#,#,#,#,#,#,#,#,#,#,#,#,#,#,#,#,#,#,‥,‥,‥,‥,‥,‥,‥,#,#,#,#,#,#,#,#,#,#,#,#,#,#,#,#,#
.,.,.,.,.,.,.,.,.,.,.,.,.,.,.,.,.,.,.,.,.,.,.,.,.,.,.,.,.,",",",",",",",",",",",",",",",",",",",",",",",",",",",",",",",",",",",",",",",",",",",",",",",",",",",",|,",",",",",",",",",",",",",",",",",",",",#,",",",",#,#,",",",",#,#,",",#,",",",",",",#,#,#,#,",",",",",",",",〰,〰,},},},〰,‥,‥,‥,",",#,‥,#,‥,‥,#,‥,‥,‥,#,#,#,#,#,#,#,#,#,#,#,#,#,#,#,#,#,#,#,#,#,#,#,#,#,#,#,#,#,#,#,#,#,#,#,#,#,#,#,#,#,#,#,#,#,#,#,#,#,#,#,#,#,#,#,#,#,#,#,#,#,#,#,#,#,#,#,#,#,#,#,#,#,#,‥,#,#,#,#,#,#,#,#,#,#,#,#,#,#,#,#,#,#,#,#,#,#,#,#,#,#,‥,#,#,‥,#,‥,‥,#,#,#,#,#,#,#,#,#,#,#,#,#,#,#,#,#,#
.,.,.,.,.,.,.,.,.,.,.,.,.,.,.,.,.,.,.,.,.,.,.,.,.,.,.,.,.,",",",",",",",",",",",",",",",",",",",",",",",",",",",",",",",",",",",",",",",",",",",",",",",",",",",",|,",",",",",",#,",",",",#,",",#,",",",",",",",",#,",",",",#,#,",",",",#,",",#,#,",",#,",",#,",",#,",",〰,〰,},},#,〰,‥,‥,",",#,#,‥,‥,#,#,#,‥,‥,#,#,‥,#,#,#,#,#,#,#,#,#,#,#,#,#,#,#,#,#,#,#,#,#,#,#,#,#,#,#,#,#,#,#,#,#,#,#,#,#,#,#,#,#,#,#,#,‥,#,#,#,#,#,#,#,#,#,#,#,#,#,#,#,#,#,#,#,#,#,#,#,#,#,#,#,#,#,#,#,#,#,#,#,#,#,#,#,#,#,#,#,#,#,#,#,#,#,#,#,#,#,#,#,#,#,‥,#,‥,#,#,‥,#,#,#,#,#,#,#,#,#,#,#,#,#,#,#,#,#
.,.,.,.,.,.,.,.,.,.,.,.,.,.,.,.,.,.,.,.,.,.,.,.,.,.,.,.,.,",",",",",",",",",",",",",",",",",",",",",",",",",",",",",",",",",",",",",",",",",",",",",",",",",",",",|,",",",",",",",",",",",",#,",",",",",",#,",",#,",",",",#,",",#,",",#,",",#,#,",",",",#,",",",",",",",",",",〰,},},},〰,〰,‥,",",‥,#,‥,‥,‥,‥,‥,‥,‥,#,#,‥,‥,#,#,#,#,#,#,#,#,#,#,#,#,#,#,#,#,#,#,#,#,#,#,#,#,#,#,#,#,#,#,#,#,#,#,#,#,#,#,#,#,#,#,#,#,#,‥,#,#,#,#,#,#,#,#,#,#,#,#,#,#,#,#,#,#,#,#,#,#,#,#,#,#,#,#,#,#,#,#,#,#,#,#,#,#,#,#,#,#,#,#,#,#,#,#,#,#,#,#,#,#,#,#,#,#,#,‥,#,#,#,#,#,#,#,#,#,#,#,#,#,#,#,#,#,#,#
.,.,.,.,.,.,.,.,.,.,.,.,.,.,.,.,.,.,.,.,.,.,.,.,.,.,.,.,.,",",",",█,█,█,█,█,█,█,█,█,",",",",",",",",",",",",",",",",",",",",",",",",",",",",",",|,",",",",",",",",#,",",",",",",#,",",",",#,",",",",",",#,",",",",#,",",#,",",#,",",#,",",#,#,",",",",〰,},},},〰,〰,‥,‥,‥,‥,‥,‥,‥,‥,#,‥,#,#,#,‥,#,‥,#,#,#,#,#,#,#,#,#,#,#,#,#,#,#,#,#,#,#,#,#,#,#,#,#,#,#,#,#,#,#,#,#,#,‥,#,#,#,#,#,#,#,#,#,#,#,#,‥,#,#,#,#,#,#,#,#,#,#,#,#,#,#,#,#,#,#,#,#,#,#,#,#,#,#,#,#,#,#,#,#,#,#,#,#,#,#,#,#,#,#,#,#,#,#,#,#,#,#,#,#,#,#,‥,#,#,#,#,#,#,#,#,#,#,#,#,#,#,#,#,#,#,#,#,#,#
.,.,.,.,.,.,.,.,.,.,.,.,.,.,.,.,.,.,.,.,.,.,.,.,.,.,.,.,.,",",",",█,.,.,.,.,█,.,.,█,",",",",",",",",",",",",",",",",",",",",",",",",",",",",",",|,",",",",",",",",",",",",#,",",",",#,",",",",#,",",#,#,#,#,",",",",",",#,",",#,",",",",",",",",",",",",〰,},},},〰,‥,‥,",",",",#,‥,‥,‥,#,‥,#,",",‥,#,‥,#,#,#,#,#,#,#,#,#,#,#,#,#,#,#,#,#,#,#,#,#,#,#,#,#,#,#,#,#,#,#,#,#,#,#,#,#,#,#,#,#,#,#,#,#,#,#,#,#,#,‥,#,#,‥,#,‥,#,#,#,#,#,#,#,#,#,#,#,#,#,#,#,#,#,#,#,#,#,#,#,#,#,#,#,#,#,#,#,#,#,#,#,#,#,#,#,#,#,#,#,#,#,#,#,#,#,#,#,#,#,#,#,#,#,#,#,#,#,#,#,#,#,#,#,#,#,#,#
.,.,.,.,.,.,.,.,.,.,.,.,.,.,.,.,.,.,.,.,.,.,.,.,.,.,.,.,.,",",",",█,.,.,.,.,█,.,.,█,",",",",",",",",",",",",",",",",",",",",",",",",#,",",",",|,",",",",",",",",",",",",",",",",",",",",",",",",#,",",",",#,#,",",#,#,#,",",",",#,",",#,",",",",",",",",〰,},},〰,〰,‥,‥,",",",",‥,‥,#,‥,#,‥,#,#,‥,‥,#,‥,#,#,#,‥,#,#,#,#,#,#,#,#,#,#,#,#,#,#,#,#,#,#,#,#,#,#,#,#,#,#,#,#,#,‥,#,#,#,#,#,#,#,#,#,#,#,#,#,#,#,#,‥,#,#,#,#,#,#,#,#,#,#,‥,‥,#,#,#,#,#,#,#,#,#,#,#,#,#,#,#,#,#,#,#,#,#,#,#,#,#,#,#,#,#,#,#,#,#,#,#,#,#,#,#,#,#,#,#,#,#,#,#,#,#,#,#,#,#,#,#,#,#,#,#,#,#,#,#
.,.,.,.,.,.,.,.,.,.,.,.,.,.,.,.,.,.,.,.,.,.,.,.,.,.,.,.,.,",",",",█,.,.,.,.,█,.,.,█,",",",",",",",",",",",",",",",",",",",",",",",",",",",",",",|,",",",",",",",",",",",",",",#,",",",",",",#,",",#,#,#,#,#,",",#,",",#,#,#,",",",",#,",",",",",",〰,},〰,〰,〰,‥,",",",",",",‥,#,‥,‥,‥,#,‥,‥,#,#,#,‥,#,#,#,#,#,#,#,#,#,#,#,#,#,#,#,#,#,#,#,#,#,#,#,#,#,#,#,#,#,#,#,#,‥,#,#,#,#,#,#,#,#,#,#,#,#,#,#,#,#,#,#,#,#,#,#,#,#,#,#,#,#,#,#,#,#,#,#,#,#,#,#,#,#,#,#,#,#,#,#,#,#,#,#,#,#,#,#,#,#,#,#,#,#,#,#,#,#,#,#,#,#,#,#,#,#,#,#,#,#,#,#,#,#,#,#,#,#,#,#,#,#,#,#,#,#,#
.,.,.,.,.,.,.,.,.,.,.,.,.,.,.,.,.,.,.,.,.,.,.,.,.,.,.,.,.,",",",",█,█,.,█,█,█,.,.,█,",",",",",",",",",",",",",",",",",",",",",",",",",",",",",",|,",",",",",",",",",",",",",",",",",",",",",",",",#,",",",",#,#,#,#,#,",",#,",",",",",",#,",",",",",",",",〰,},},〰,〰,‥,",",‥,‥,",",‥,‥,#,",",‥,#,#,‥,#,‥,‥,‥,#,#,#,#,#,#,#,#,#,#,#,#,#,#,#,#,#,#,#,#,#,#,#,#,#,#,#,#,#,#,#,‥,#,#,#,#,#,#,#,#,#,#,#,#,#,#,#,#,#,#,#,#,#,#,#,#,‥,#,#,#,#,#,#,#,#,#,#,#,#,#,#,#,#,#,#,#,#,#,#,#,#,#,#,#,#,#,#,#,#,#,#,#,#,#,#,#,#,#,#,#,#,#,#,#,#,#,#,#,#,#,#,#,#,#,#,#,#,#,#,#,#,#,#,#,#
.,.,.,.,.,.,.,.,.,.,.,.,.,.,.,.,.,.,.,.,.,.,.,.,.,.,.,.,.,",",",",█,.,.,█,.,.,.,.,█,",",",",",",",",",",",",",",",",",",",",",",",",",",",",",",|,",",",",",",",",",",",",",",#,",",",",#,",",",",#,",",#,",",",",#,#,",",#,",",",",",",#,",",",",",",〰,〰,},},},〰,‥,",",",",‥,‥,‥,‥,‥,#,#,#,‥,#,‥,#,‥,#,#,#,#,#,#,#,#,#,#,#,#,#,#,#,#,#,#,#,#,#,‥,#,‥,#,#,#,#,#,#,#,#,#,#,#,#,#,#,#,#,#,#,#,#,#,#,#,#,#,#,#,#,#,#,#,#,#,#,#,#,#,#,#,#,#,‥,#,#,#,#,#,#,#,#,#,#,#,#,#,#,#,#,#,#,#,#,#,#,#,#,#,#,#,#,#,#,#,#,#,#,#,#,#,#,#,#,#,#,#,#,#,#,#,#,#,#,#,#,#,#,#,#,#,#,#,#
.,.,.,.,.,.,.,.,.,.,.,.,.,.,.,.,.,.,.,.,.,.,.,.,.,.,.,.,.,",",",",█,.,.,█,.,.,.,.,█,",",",",",",",",",",",",",",",",",",",",",",",",",",",",",",|,",",",",",",",",",",",",",",",",",",",",",",",",#,",",",",#,#,",",#,",",#,",",#,#,",",",",",",",",",",〰,},},},〰,‥,‥,‥,‥,‥,‥,‥,‥,#,‥,‥,‥,#,#,#,‥,‥,#,#,#,#,#,#,#,#,#,#,#,#,#,#,#,‥,#,#,#,‥,‥,#,‥,‥,‥,#,#,‥,#,‥,#,#,#,#,#,#,#,#,#,#,#,#,#,#,#,#,#,#,#,#,#,#,#,#,#,#,#,#,#,#,#,#,#,#,#,#,#,‥,‥,#,#,#,#,#,#,#,#,#,#,#,#,#,#,#,#,#,#,#,#,#,#,#,#,#,#,#,#,#,‥,#,#,#,#,#,#,#,#,#,#,#,#,#,#,#,#,#,#,#,#,#,#,#,#,#,#,#
.,.,.,.,.,.,.,.,.,.,.,.,.,.,.,.,.,.,.,.,.,.,.,.,.,.,.,.,.,",",",",█,.,.,█,█,█,.,█,█,",",",",",",",",",",",",",",",",",",",",",",",",",",",",",",|,",",",",",",",",",",",",",",",",",",",",",",",",#,",",#,",",",",#,",",#,",",#,#,",",",",#,",",",",",",〰,〰,},},〰,〰,‥,‥,‥,‥,‥,#,‥,‥,‥,‥,#,#,‥,‥,#,#,#,#,#,#,#,#,#,#,#,#,#,#,#,#,#,#,#,#,#,#,‥,‥,‥,‥,#,‥,‥,‥,‥,‥,‥,#,#,#,#,#,#,#,#,#,#,#,#,#,#,#,#,#,#,#,#,#,#,#,#,#,#,#,#,#,#,#,#,#,#,#,#,#,‥,‥,#,#,‥,#,‥,#,#,#,#,#,#,#,#,#,#,#,#,#,#,#,#,#,#,#,#,#,#,#,#,#,#,#,#,#,#,#,#,#,#,#,#,#,#,#,#,#,#,#,#,#,#,#,#,#,#,#
.,.,.,.,.,.,.,.,.,.,.,.,.,.,.,.,.,.,.,.,.,.,.,.,.,.,.,.,.,",",",",█,.,.,.,.,.,.,.,█,.,.,.,",",",",",",",",",",",",",",",",",",",",",",",",|,",",",",",",",",",",",",#,",",",",",",",",",",",",",",",",#,#,",",#,",",#,#,",",#,",",#,",",",",〰,〰,},},},},〰,‥,‥,‥,‥,‥,‥,‥,‥,#,#,#,#,#,#,‥,#,#,‥,#,#,#,#,#,‥,#,#,#,#,#,#,#,#,#,#,#,‥,‥,‥,‥,‥,‥,‥,‥,‥,‥,‥,#,#,#,#,#,#,#,#,#,#,#,#,#,#,#,#,#,#,#,#,#,#,#,#,#,#,#,#,#,#,#,#,#,#,#,#,#,#,#,#,‥,#,#,#,#,‥,#,#,#,#,#,#,#,#,#,#,#,#,#,#,#,#,#,#,#,#,#,#,#,#,#,#,#,#,#,#,#,#,#,#,#,#,#,#,#,#,#,#,#,#,#,#,#,#,#,#
.,.,.,.,.,.,.,.,.,.,.,.,.,.,.,.,.,.,.,.,.,.,.,.,.,.,.,.,.,",",",",█,.,.,.,.,.,.,.,█,.,.,.,",",",",",",",",",",",",",",",",",",",",",",",",|,",",",",",",",",",",",",",",",",",",",",#,",",",",",",#,",",#,",",#,",",#,",",",",#,",",#,",",",",〰,〰,},},},〰,‥,‥,‥,‥,‥,‥,‥,‥,‥,#,#,‥,#,‥,‥,#,‥,‥,#,#,#,#,#,#,#,#,#,#,#,#,‥,‥,#,#,‥,#,#,‥,‥,‥,‥,‥,‥,‥,‥,‥,‥,‥,#,#,#,#,#,#,#,#,#,#,#,#,#,#,#,#,#,#,#,#,#,#,#,#,#,#,#,#,#,#,#,#,#,#,#,#,#,#,#,#,#,#,#,#,#,#,#,‥,#,#,#,#,#,#,#,#,#,#,#,#,#,#,#,#,#,#,#,#,#,#,#,#,#,#,#,#,#,#,‥,#,#,#,#,‥,#,‥,#,#,#,#,#,#,#,#,#
.,.,.,.,.,.,.,.,.,.,.,.,.,.,.,.,.,.,.,.,.,.,.,.,.,.,.,.,.,",",",",█,.,.,.,.,.,.,.,█,.,.,.,",",",",",",",",",",",",",",",",",",",",",",",",|,",",#,",",",",",",",",",",",",",",",",",",",",",",#,",",",",",",",",",",#,",",",",",",#,#,",",",",〰,〰,〰,〰,},},〰,‥,‥,‥,‥,‥,‥,#,‥,‥,#,‥,#,#,#,#,‥,‥,#,#,#,#,#,#,#,#,#,#,#,#,#,#,#,#,‥,#,#,#,#,‥,‥,‥,#,#,‥,‥,‥,‥,‥,#,#,#,#,#,#,#,#,#,#,#,#,#,#,#,#,‥,#,#,#,#,#,#,#,#,#,#,#,#,#,#,#,#,#,#,#,#,#,#,#,#,#,#,#,#,#,#,#,#,‥,#,#,#,#,#,#,#,#,#,#,#,#,#,#,#,#,#,#,#,#,#,‥,#,#,‥,#,‥,‥,#,#,#,#,#,‥,‥,‥,#,#,#,#,#,#,#,#,#
.,.,.,.,.,.,.,.,.,.,.,.,.,.,.,.,.,.,.,.,.,.,.,.,.,.,.,.,.,",",",",█,.,.,.,.,.,.,.,█,.,.,.,",",",",",",",",",",",",",",",",",",",",",",",",|,",",",",",",",",",",",",",",",",",",",",",",",",#,",",#,#,#,#,#,",",#,",",",",",",#,",",",",〰,〰,〰,},},},〰,‥,‥,‥,‥,‥,‥,‥,‥,#,‥,#,‥,‥,‥,#,‥,#,‥,#,#,#,#,#,#,#,#,#,#,#,#,#,#,#,#,#,#,#,‥,‥,#,#,‥,#,#,‥,‥,‥,‥,#,#,#,#,#,#,#,#,#,#,#,#,#,#,‥,#,#,#,#,#,#,#,#,#,#,#,#,#,#,#,#,#,#,#,#,#,#,#,#,#,#,#,#,#,#,#,#,#,‥,‥,‥,‥,#,#,#,#,#,#,#,#,#,#,#,#,#,#,#,#,#,#,#,#,#,#,#,‥,‥,‥,‥,#,#,#,‥,‥,‥,‥,‥,#,#,#,#,#,#,#,#
.,.,.,.,.,.,.,.,.,.,.,.,.,.,.,.,.,.,.,.,.,.,.,.,.,.,.,.,.,.,.,X,.,.,.,.,.,.,.,█,.,.,.,",",",",",",",",",",",",",",",",",",",",#,",",|,",",",",",",",",",",",",",",",",",",",",",",",",",",",",#,#,",",#,",",#,",",#,",",#,",",",",",",",",〰,},},},〰,〰,‥,‥,‥,‥,‥,‥,#,‥,#,‥,‥,#,#,‥,‥,#,‥,#,#,#,#,#,#,#,#,#,#,#,#,#,#,#,#,#,#,#,#,#,#,#,#,#,#,#,#,‥,#,#,‥,#,#,#,#,#,#,#,#,#,#,#,#,‥,#,#,#,#,‥,#,#,#,#,#,#,#,#,#,#,#,#,#,#,#,#,#,#,#,#,#,#,#,#,#,#,#,#,#,#,#,‥,‥,‥,#,#,#,#,#,#,#,#,#,#,#,#,#,#,#,#,#,#,#,#,#,‥,‥,‥,‥,‥,#,#,‥,‥,#,‥,‥,#,#,#,#,#,#,#,#,#
.,.,.,.,.,.,.,.,.,.,.,.,.,.,.,.,.,.,.,.,.,.,.,.,.,.,.,.,.,",",",",█,.,.,.,.,.,.,.,█,.,.,.,",",",",",",",",",",",",",",",",",",",",",",",",|,",",",",",",",",",",",",",",",",",",",",",",",",",",",",",",",",",",",",",",",",#,",",",",",",",",#,",",",",〰,〰,},},〰,〰,〰,‥,‥,‥,‥,‥,‥,#,‥,‥,‥,‥,‥,‥,‥,‥,#,#,#,#,#,#,#,#,#,#,#,#,#,#,#,‥,#,#,#,#,#,#,#,#,#,#,#,#,#,#,#,#,#,#,#,#,#,#,#,#,#,#,#,#,#,#,#,#,‥,#,#,#,#,#,#,#,#,#,#,#,#,#,#,#,#,#,#,#,#,#,#,#,#,#,#,#,#,#,#,#,#,#,#,‥,‥,‥,#,‥,‥,#,#,#,#,#,#,#,#,#,#,#,‥,#,#,#,#,‥,‥,‥,‥,#,‥,‥,‥,#,#,#,#,#,#,#,#,#,#,#,#,#,#
.,.,.,.,.,.,.,.,.,.,.,.,.,.,.,.,.,.,.,.,.,.,.,.,.,.,.,.,.,",",",",█,█,█,█,█,█,█,█,█,",",",",",",",",",",",",",",",",",",",",",",",",",",",",",",|,",",",",",",",",",",",",",",",",",",",",",",",",",",",",",",",",",",#,#,#,",",",",#,#,",",",",",",",",〰,〰,},},〰,〰,〰,〰,‥,‥,‥,‥,‥,‥,‥,#,#,‥,#,‥,#,#,#,#,‥,#,#,#,#,‥,#,#,#,#,#,#,#,#,#,#,#,#,#,#,#,#,#,#,#,#,#,#,#,#,#,#,#,#,#,#,#,#,#,#,#,#,#,#,#,#,#,#,#,#,#,#,#,#,#,#,#,#,#,#,#,#,#,#,#,#,#,#,#,#,#,#,#,#,#,#,#,#,#,#,#,‥,‥,‥,‥,‥,#,‥,‥,#,#,#,#,#,#,#,#,#,#,#,#,#,#,#,‥,#,#,#,#,‥,#,#,#,#,#,#,#,#,#,#,#,#,#,#,#
.,.,.,.,.,.,.,.,.,.,.,.,.,.,.,.,.,.,.,.,.,.,.,.,.,.,.,.,.,",",",",█,.,.,.,.,█,.,.,█,",",",",",",",",",",",",",",",",",",",",#,#,",",",",",",|,",",",",",",",",",",",",",",",",",",",",",",",",",",",",",",",",#,#,",",#,#,",",#,",",#,#,",",",",〰,},},},〰,〰,〰,〰,‥,‥,‥,#,‥,‥,",",‥,‥,#,",",#,‥,#,‥,#,#,‥,#,#,#,#,#,#,#,#,#,#,#,#,#,#,#,#,#,#,#,#,#,#,#,#,#,#,#,#,#,#,#,#,#,#,#,#,#,#,#,#,#,#,#,#,#,#,#,#,#,#,#,#,#,#,#,#,#,#,#,#,#,#,#,#,#,#,#,#,#,#,#,#,#,#,#,#,#,#,#,#,‥,‥,‥,‥,‥,‥,#,#,#,#,#,#,#,#,#,#,#,#,#,#,#,‥,#,#,#,#,#,‥,‥,#,#,#,#,#,#,#,#,#,#,#,#,#,#
.,.,.,.,.,.,.,.,.,.,.,.,.,.,.,.,.,.,.,.,.,.,.,.,.,.,.,.,.,",",",",█,.,.,.,.,█,.,.,█,",",",",",",",",",",",",",",",",",",",",",",",",",",",",",",|,",",",",",",",",",",",",",",",",",",",",",",",",",",",",",",#,",",#,#,#,",",#,#,#,#,",",#,",",〰,〰,},},〰,〰,〰,〰,‥,‥,",",‥,‥,‥,‥,‥,‥,‥,",",",",#,#,#,#,#,#,#,#,#,#,#,#,#,#,#,#,#,#,#,#,#,#,#,#,#,#,#,#,#,#,#,#,#,#,#,#,#,#,#,#,#,#,#,#,#,#,#,#,#,#,#,#,#,#,#,#,#,#,#,#,#,#,#,#,#,#,#,#,#,#,#,#,#,#,#,#,#,#,#,#,#,#,#,#,#,#,‥,‥,#,‥,‥,‥,‥,‥,#,#,#,#,#,#,#,#,#,#,#,#,#,#,#,#,#,#,#,#,‥,#,#,#,#,#,#,#,#,#,#,#,#,#,#
.,.,.,.,.,.,.,.,.,.,.,.,.,.,.,.,.,.,.,.,.,.,.,.,.,.,.,.,.,",",",",█,.,.,.,.,█,.,.,█,",",",",",",",",",",",",",",",",",",",",",",",",",",",",",",|,",",",",",",",",",",",",",",",",",",",",#,",",",",#,",",",",#,#,",",#,",",#,#,",",",",#,#,",",",",#,},},},〰,〰,",",‥,‥,‥,‥,#,‥,#,‥,‥,‥,‥,‥,‥,‥,‥,#,‥,‥,‥,#,‥,#,#,#,#,#,#,#,#,#,#,#,#,#,#,#,#,#,#,#,#,#,#,#,#,#,#,#,#,#,#,‥,#,#,#,#,#,#,#,#,#,#,#,#,#,#,#,#,#,#,#,‥,#,#,#,#,#,#,#,#,#,#,#,#,#,#,#,#,#,#,#,#,#,#,#,#,#,#,‥,#,‥,‥,‥,#,‥,‥,#,#,#,#,#,#,#,#,#,#,#,#,#,#,#,#,#,#,#,‥,‥,‥,#,#,#,#,#,#,#,#,#,#,#,#,#
.,.,.,.,.,.,.,.,.,.,.,.,.,.,.,.,.,.,.,.,.,.,.,.,.,.,.,.,.,",",",",█,█,.,█,█,█,.,.,█,",",",",",",",",",",",",",",",",",",",",",",",",",",",",",",|,",",",",",",",",",",",",",",",",#,",",",",",",",",",",",",#,#,",",#,#,#,#,",",",",#,",",#,",",",",〰,},},},〰,",",",",‥,‥,‥,‥,‥,‥,‥,‥,‥,‥,‥,‥,‥,‥,‥,‥,‥,#,‥,‥,‥,‥,#,#,#,#,#,#,#,#,#,#,#,#,#,#,#,#,#,#,#,#,#,#,#,#,#,#,#,#,#,#,#,#,#,#,#,#,#,#,#,#,#,#,#,#,#,#,#,#,#,#,‥,‥,#,#,#,‥,‥,#,#,#,#,#,#,#,#,#,#,#,#,#,#,#,#,#,#,#,#,#,‥,‥,‥,‥,‥,#,#,#,#,#,#,#,#,#,#,#,#,#,#,#,#,#,#,#,‥,‥,‥,‥,‥,#,#,#,#,#,#,#,#,#,#,#,#
.,.,.,.,.,.,.,.,.,.,.,.,.,.,.,.,.,.,.,.,.,.,.,.,.,.,.,.,.,",",",",█,.,.,█,.,.,.,.,█,",",",",",",",",",",",",",",",",",",",",",",",",",",#,",",|,",",",",",",",",",",",",",",",",",",#,",",",",#,",",#,#,",",#,#,",",",",",",#,#,",",#,",",#,",",〰,〰,},},〰,〰,",",",",",",‥,‥,#,#,‥,#,",",#,",",‥,‥,‥,‥,‥,‥,‥,‥,‥,‥,#,#,#,#,#,#,#,#,#,#,#,#,#,#,#,#,#,#,#,#,#,#,#,#,#,#,#,#,#,#,#,#,#,#,#,‥,#,#,#,#,#,#,#,#,#,#,#,#,#,#,‥,‥,‥,‥,#,‥,‥,‥,‥,#,#,#,#,#,#,#,#,#,#,#,#,#,#,#,#,#,#,#,‥,‥,‥,‥,‥,‥,‥,#,#,#,#,#,#,#,#,#,#,#,#,#,#,#,#,#,#,#,‥,‥,#,‥,#,#,#,#,#,#,#,#,#,#,#,#
.,.,.,.,.,.,.,.,.,.,.,.,.,.,.,.,.,.,.,.,.,.,.,.,.,.,.,.,.,",",",",█,.,.,█,.,.,.,.,█,",",",",",",",",",",",",",",",",",",",",",",",",",",",",",",|,",",",",",",",",",",",",",",",",#,#,",",#,",",",",",",",",#,",",",",#,",",#,",",#,",",#,",",#,",",〰,},},},},#,",",‥,‥,#,‥,‥,‥,#,‥,#,",",#,",",#,‥,‥,‥,#,‥,‥,#,#,‥,#,#,#,#,#,#,#,#,#,#,#,#,#,#,#,#,#,#,#,#,#,#,‥,#,#,#,#,#,#,#,#,#,#,#,‥,#,#,#,#,#,#,#,#,#,#,#,#,#,#,‥,‥,‥,‥,‥,‥,‥,‥,‥,#,#,#,#,#,#,#,#,#,#,#,#,#,#,#,#,#,#,#,#,#,‥,‥,‥,#,#,#,#,#,#,#,#,#,#,#,#,#,#,#,#,#,#,#,#,#,#,#,‥,#,‥,#,#,#,#,#,#,#,#,#,#,#
.,.,.,.,.,.,.,.,.,.,.,.,.,.,.,.,.,.,.,.,.,.,.,.,.,.,.,.,.,",",",",█,.,.,█,█,█,.,█,█,",",",",",",",",",",",",",",",",",",",",",",",",",",",",",",|,",",",",",",",",",",",",",",",",",",",",#,",",",",#,",",",",",",#,#,",",#,",",",",#,#,",",#,",",",",〰,},},},〰,〰,",",",",‥,‥,‥,#,#,‥,‥,#,#,#,‥,‥,#,#,#,‥,#,#,‥,#,#,#,#,#,#,#,#,#,#,#,#,#,#,#,#,#,#,#,#,#,#,#,#,#,#,#,#,#,#,#,#,#,#,#,#,#,#,#,#,#,#,#,#,#,#,#,#,#,#,‥,‥,‥,‥,‥,‥,‥,‥,‥,‥,#,#,#,#,#,#,#,#,#,#,#,#,#,#,#,#,#,#,#,#,#,#,#,‥,#,#,#,#,#,#,#,#,#,#,#,#,#,#,#,#,#,#,#,#,#,#,#,#,#,#,#,#,#,#,#,#,#,#,#,#,#
.,.,.,.,.,.,.,.,.,.,.,.,.,.,.,.,.,.,.,.,.,.,.,.,.,.,.,.,.,",",",",█,.,.,.,.,.,.,.,█,.,.,.,",",",",",",",",",",",",",",#,",",",",",",",",|,",",",",",",",",",",",",",",",",#,",",",",",",",",",",",",#,",",",",",",#,",",#,#,#,#,#,#,#,",",",",〰,},},},〰,‥,‥,‥,‥,‥,‥,‥,#,‥,‥,#,‥,#,‥,#,‥,#,#,#,#,#,#,#,#,#,#,#,#,#,#,#,#,#,#,#,#,#,#,#,#,#,#,#,#,#,#,#,#,#,#,#,#,#,#,#,#,#,#,#,#,#,#,#,#,#,#,#,#,#,#,#,#,‥,‥,‥,‥,‥,‥,‥,‥,‥,#,#,#,#,#,#,#,#,#,#,#,#,#,#,#,#,#,#,#,#,#,#,#,#,#,#,#,#,#,#,#,#,#,#,#,#,#,#,#,#,#,#,#,#,#,#,#,#,#,#,#,#,#,#,#,#,#,#,#,#,#
.,.,.,.,.,.,.,.,.,.,.,.,.,.,.,.,.,.,.,.,.,.,.,.,.,.,.,.,.,",",",",█,.,.,.,.,.,.,.,█,.,.,.,",",",",",",",",",",",",",",",",",",",",",",",",|,",",",",",",",",",",#,",",#,#,",",",",",",#,",",#,#,",",#,",",",",#,#,#,",",#,",",#,",",",",",",〰,},},},〰,‥,‥,‥,‥,‥,#,‥,#,#,#,‥,#,‥,#,#,#,‥,#,#,#,#,#,#,#,#,#,#,#,#,#,#,#,#,#,#,#,#,#,#,#,#,#,#,#,#,#,#,#,#,#,#,#,#,#,#,#,#,#,#,#,#,#,#,#,#,#,#,#,#,#,#,#,#,‥,‥,‥,‥,‥,‥,‥,#,#,#,#,#,#,#,#,#,#,#,#,#,#,#,#,#,#,#,#,#,#,#,#,#,#,#,#,#,#,#,#,#,#,#,#,#,#,#,#,#,#,#,#,#,#,#,#,#,#,#,#,#,#,#,#,#,#,#,#,#,#
.,.,.,.,.,.,.,.,.,.,.,.,.,.,.,.,.,.,.,.,.,.,.,.,.,.,.,.,.,",",",",█,.,.,.,.,.,.,.,█,.,.,.,",",",",",",",",",",",",",",",",",",",",",",",",|,#,",",",",",",",",",",",",",",#,",",",",",",",",",",",",#,#,",",#,",",",",",",",",#,#,#,",",",",",",〰,〰,},},},〰,〰,‥,",",",",‥,‥,‥,‥,#,‥,#,#,#,#,#,‥,#,#,#,#,#,#,#,#,#,#,#,#,#,#,#,#,#,#,#,#,#,#,#,#,#,#,#,#,#,#,#,#,#,#,#,#,#,#,#,#,#,#,#,#,#,#,#,#,#,#,#,#,#,#,#,#,#,#,‥,‥,‥,‥,‥,‥,#,#,#,#,#,#,#,#,#,#,#,#,#,#,#,#,#,#,#,#,#,#,#,#,#,#,#,#,#,#,#,#,#,#,#,#,#,#,#,#,#,#,#,#,#,#,#,#,#,#,#,#,#,#,#,#,#,#,#,#,#,#
.,.,.,.,.,.,.,.,.,.,.,.,.,.,.,.,.,.,.,.,.,.,.,.,.,.,.,.,.,",",",",█,.,.,.,.,.,.,.,█,.,.,.,",",",",",",",",",",",",",",",",",",",",",",",",|,",",",",",",",",",",",",",",#,",",",",",",",",",",",",",",#,",",#,",",#,#,",",#,",",",",",",#,",",",",〰,〰,〰,},},},〰,‥,‥,‥,‥,‥,‥,#,‥,#,‥,#,",",‥,‥,#,#,#,#,#,#,#,#,#,#,#,#,#,#,#,#,#,#,#,#,#,#,#,#,#,#,#,#,#,#,#,#,#,#,#,#,#,#,#,#,#,#,#,#,#,#,#,#,#,#,#,#,#,#,#,#,#,#,‥,#,‥,‥,‥,‥,#,#,#,#,#,#,#,#,#,#,#,#,#,#,#,#,#,#,#,#,#,#,#,#,#,#,#,#,#,#,#,#,#,#,#,#,#,#,#,#,#,#,#,#,#,#,#,#,#,#,#,#,#,#,#,#,#,#,#,#,#,#,#
.,.,.,.,.,.,.,.,.,.,.,.,.,.,.,.,.,.,.,.,.,.,.,.,.,.,.,.,.,.,.,X,.,.,.,.,.,.,.,█,.,.,.,",",",",",",",",",",",",",",",",",",",",",",",",|,",",",",",",",",",",",",",",",",",",",",#,",",",",#,",",",",#,#,",",",",",",#,#,#,",",#,",",#,",",",",〰,〰,},},},〰,",",‥,‥,‥,‥,#,‥,‥,‥,#,‥,#,#,#,‥,#,#,#,#,#,#,#,#,#,#,#,#,#,#,#,#,#,#,#,#,#,#,#,#,#,#,#,#,#,#,#,#,#,#,#,#,#,#,#,#,#,#,#,#,#,#,#,#,#,#,#,#,#,#,#,#,#,#,#,#,#,‥,#,#,#,#,#,#,#,#,#,#,#,#,#,#,#,#,#,#,#,#,#,#,#,#,#,#,#,#,#,#,#,#,#,#,#,#,#,#,#,#,#,#,#,#,#,#,#,#,#,#,#,#,#,#,#,#,#,#,#,#,#,#,#,#
.,.,.,.,.,.,.,.,.,.,.,.,.,.,.,.,.,.,.,.,.,.,.,.,.,.,.,.,.,",",",",█,.,.,.,.,.,.,.,█,.,.,.,",",",",",",",",",",",",",",",",",",",",",",",",|,",",",",",",",",",",",",#,",",#,",",",",#,",",",",#,",",#,",",#,",",#,",",#,",",#,",",#,",",#,#,〰,},},},〰,〰,‥,‥,‥,‥,‥,‥,‥,‥,#,‥,#,‥,‥,‥,#,#,#,#,#,#,#,#,#,#,#,#,#,#,#,#,#,#,#,#,#,#,#,#,#,#,#,#,#,#,#,#,#,#,#,#,#,#,#,#,#,#,#,#,#,#,#,#,#,#,#,#,#,#,#,#,#,#,#,#,#,#,#,#,#,#,#,#,#,#,#,#,#,#,#,#,#,#,#,#,#,#,#,#,#,#,#,#,#,#,#,#,#,#,#,#,#,#,#,#,#,#,#,#,#,#,#,#,#,#,#,#,#,#,#,#,#,#,#,#,#,#,#,#,#,#,#
.,.,.,.,.,.,.,.,.,.,.,.,.,.,.,.,.,.,.,.,.,.,.,.,.,.,.,.,.,",",",",█,█,█,█,█,█,█,█,█,",",",",",",",",",",",",",",",",",",",",",",",",",",",",",",|,",",",",",",",",",",#,",",",",",",",",",",",",#,",",",",",",",",#,",",#,",",#,#,#,#,",",",",",",",",",",〰,},},},〰,‥,‥,‥,",",‥,‥,#,‥,#,#,#,#,‥,#,‥,#,#,#,#,#,#,#,#,‥,#,#,#,#,#,#,#,#,#,#,#,#,#,#,#,#,#,#,#,#,#,#,#,#,#,#,#,#,#,#,#,#,#,#,#,#,#,#,#,#,#,#,#,#,#,#,#,#,#,#,#,#,#,#,#,#,#,#,#,#,#,#,#,#,#,#,#,#,#,#,#,#,#,#,#,#,#,#,#,#,#,#,#,#,#,#,#,#,#,#,#,#,#,#,#,#,#,#,#,#,#,#,#,#,#,#,#,#,#,#,#,#,#,#,#,#,#,#
.,.,.,.,.,.,.,.,.,.,.,.,.,.,.,.,.,.,.,.,.,.,.,.,.,.,.,.,.,",",",",█,.,.,.,.,█,.,.,█,",",",",",",",",",",",",",",",",",",",",",",",",",",",",",",|,",",",",",",",",",",",",",",",",",",",",#,",",",",#,#,",",",",#,#,",",#,",",",",",",#,#,#,",",",",",",〰,},},〰,〰,‥,",",",",‥,#,‥,‥,‥,#,‥,‥,#,#,‥,#,‥,#,#,#,#,#,#,#,#,#,#,#,#,#,#,#,#,#,#,#,#,#,#,#,#,#,#,#,#,#,#,#,#,#,#,#,#,#,#,#,#,#,#,#,#,#,#,#,#,#,#,#,#,#,#,#,#,#,#,#,#,#,#,#,#,#,#,#,#,#,#,#,#,#,#,#,#,#,#,#,#,#,#,#,#,#,#,#,#,#,#,#,#,#,#,#,#,#,#,#,#,#,#,#,#,#,#,#,#,#,#,#,#,#,#,#,#,#,#,#,#,#,#,#,#,#,#
.,.,.,.,.,.,.,.,.,.,.,.,.,.,.,.,.,.,.,.,.,.,.,.,.,.,.,.,.,",",",",█,.,.,.,.,█,.,.,█,",",",",",",",",",",",",",",",",",",",",",",",",",",",",",",|,",",",",",",#,",",",",#,",",#,",",",",",",",",#,",",",",#,#,",",",",#,",",#,#,",",#,",",",",",",",",〰,},〰,〰,〰,‥,‥,",",#,‥,#,#,‥,‥,‥,#,‥,‥,#,#,‥,#,‥,#,#,#,#,#,#,#,#,#,#,#,#,#,#,#,#,#,#,#,#,#,#,#,#,#,#,#,#,#,#,#,#,#,#,#,#,#,#,#,#,#,#,#,#,#,#,#,#,#,#,#,#,#,#,#,#,#,#,#,#,#,#,#,#,#,#,#,#,#,#,#,#,#,#,#,#,#,#,#,#,#,#,#,#,#,#,#,#,#,#,#,#,#,#,#,#,#,#,#,#,#,#,#,#,#,#,#,#,#,#,#,#,#,#,#,#,#,#,#,#,#,#,#,#
.,.,.,.,.,.,.,.,.,.,.,.,.,.,.,.,.,.,.,.,.,.,.,.,.,.,.,.,.,",",",",█,.,.,.,.,█,.,.,█,",",",",",",",",",",",",",",",",",",",",",",",",",",",",",",|,",",",",",",",",",",",",#,",",",",",",#,",",#,",",",",#,",",#,",",#,",",#,#,",",",",#,",",",",",",",",〰,},},〰,〰,‥,‥,‥,",",",",#,‥,#,#,‥,‥,#,#,#,#,#,#,#,#,#,#,#,#,#,#,#,#,#,#,#,#,#,#,#,#,#,#,#,#,#,#,#,#,#,#,#,#,#,#,#,#,#,#,#,#,#,#,#,#,#,#,#,#,#,#,#,#,#,#,#,#,#,#,#,#,#,#,#,#,#,#,#,#,#,#,#,#,#,#,#,#,#,#,#,#,#,#,#,#,#,#,#,#,#,#,#,#,#,#,#,#,#,#,#,#,#,#,#,#,#,#,#,#,#,#,#,#,#,#,#,#,#,#,#,#,#,#,#,#,#,#,#
.,.,.,.,.,.,.,.,.,.,.,.,.,.,.,.,.,.,.,.,.,.,.,.,.,.,.,.,.,",",",",█,█,.,█,█,█,.,.,█,",",",",",",",",",",",",",",",",",",",",",",",",",",",",",",|,",",",",",",",",#,",",",",",",#,",",",",#,",",",",",",#,",",",",#,",",#,",",#,",",#,",",#,",",",",〰,〰,},},},〰,‥,",",",",",",",",",",‥,#,‥,#,‥,#,‥,#,#,#,#,#,#,#,#,#,#,#,#,#,#,#,#,#,#,#,#,#,#,#,#,#,#,#,#,#,#,#,#,#,#,#,#,#,#,#,#,#,#,#,#,#,#,#,#,#,#,#,#,#,#,#,#,#,#,#,#,#,#,#,#,#,#,#,#,#,#,#,#,#,#,#,#,#,#,#,#,#,#,#,#,#,#,#,#,#,#,#,#,#,#,#,#,#,#,#,#,#,#,#,#,#,#,#,#,#,#,#,#,#,#,#,#,#,#,#,#,#,#,#,#,#,#,#,#,#
.,.,.,.,.,.,.,.,.,.,.,.,.,.,.,.,.,.,.,.,.,.,.,.,.,.,.,.,.,",",",",█,.,.,█,.,.,.,.,█,",",",",",",",",",",",",",",",",",",",",",",",",",",",",",",|,",",",",",",",",",",",",#,",",",",#,",",",",#,",",#,#,#,#,",",",",",",#,",",#,",",",",",",",",",",〰,},},},〰,‥,‥,",",‥,",",‥,‥,#,#,‥,",",#,#,‥,#,#,‥,#,#,#,‥,#,#,#,#,#,#,#,#,#,#,#,#,#,#,#,#,#,#,#,#,#,#,#,#,#,#,#,#,#,#,#,#,#,#,#,#,#,#,#,#,#,#,#,#,#,#,#,#,#,#,#,#,#,#,#,#,#,#,#,#,#,#,#,#,#,#,#,#,#,#,#,#,#,#,#,#,#,#,#,#,#,#,#,#,#,#,#,#,#,#,#,#,#,#,#,#,#,#,#,#,#,#,#,#,#,#,#,#,#,#,#,#,#,#,#,#,#,#,#,#,#,#
.,.,.,.,.,.,.,.,.,.,.,.,.,.,.,.,.,.,.,.,.,.,.,.,.,.,.,.,.,",",",",█,.,.,█,.,.,.,.,█,",",",",",",",",",",",",",",",",",",",",",",",",",",",",",",|,#,",",",",",",",",",",",",",",",",",",",",",",#,",",",",#,#,",",#,#,#,",",",",#,",",#,",",",",",",〰,#,},},〰,〰,‥,",",",",‥,",",",",",",#,#,",",#,‥,#,#,‥,‥,#,#,#,#,#,#,#,#,#,#,#,#,#,#,#,#,#,#,#,#,#,#,#,#,#,#,#,#,#,#,#,#,#,#,#,#,#,#,#,#,#,#,#,#,#,#,#,#,#,#,#,#,#,#,#,#,#,#,#,#,#,#,#,#,#,#,#,#,#,#,#,#,#,#,#,#,#,#,#,#,#,#,#,#,#,#,#,#,#,#,#,#,#,#,#,#,#,#,#,#,#,#,#,#,#,#,#,#,#,#,#,#,#,#,#,#,#,#,#,#,#,#,#,#,#,#
.,.,.,.,.,.,.,.,.,.,.,.,.,.,.,.,.,.,.,.,.,.,.,.,.,.,.,.,.,",",",",█,.,.,█,█,█,.,█,█,",",",",",",",",",",",",",",",",",",",",",",",",",",",",",",|,",",",",",",",",",",",",",",#,",",",",",",#,",",#,#,#,#,#,",",#,",",#,#,#,",",",",#,",",〰,〰,},},},},〰,‥,",",‥,",",‥,#,",",#,#,#,#,#,#,#,#,‥,#,#,#,#,#,#,#,#,#,#,#,#,#,#,#,#,#,#,#,#,#,#,#,#,#,#,#,#,#,#,#,#,#,#,#,#,#,#,#,#,#,#,#,#,#,#,#,#,#,#,#,#,#,#,#,#,#,#,#,#,#,#,#,#,#,#,#,#,#,#,#,#,#,#,#,#,#,#,#,#,#,#,#,#,#,#,#,#,#,#,#,#,#,#,#,#,#,#,#,#,#,#,#,#,#,#,#,#,#,#,#,#,#,#,#,#,#,#,#,#,#,#,#,#,#,#
.,.,.,.,.,.,.,.,.,.,.,.,.,.,.,.,.,.,.,.,.,.,.,.,.,.,.,.,.,",",",",█,.,.,.,.,.,.,.,█,.,.,.,",",",",",",",",",",",",",",",",",",",",",",",",|,",",",",",",",",",",",",",",",",",",",",",",",",#,",",",",#,#,#,#,#,",",#,",",",",",",#,",",",",〰,〰,},},},〰,‥,‥,",",",",‥,‥,‥,#,#,",",#,#,‥,#,‥,#,#,#,#,#,#,#,#,#,#,#,#,#,#,#,#,#,#,#,#,#,#,#,#,#,#,#,#,#,#,#,#,#,#,#,#,#,#,#,#,#,#,#,#,#,#,#,#,#,#,#,#,#,#,#,#,#,#,#,#,#,#,#,#,#,#,#,#,#,#,#,#,#,#,#,#,#,#,#,#,#,#,#,#,#,#,#,#,#,#,#,#,#,#,#,#,#,#,#,#,#,#,#,#,#,#,#,#,#,#,#,#,#,#,#,#,#,#,#,#,#,#,#,#,#,#,#,#
.,.,.,.,.,.,.,.,.,.,.,.,.,.,.,.,.,.,.,.,.,.,.,.,.,.,.,.,.,",",",",█,.,.,.,.,.,.,.,█,.,.,.,",",",",",",",",",",",",",",",",",",",",",",",",|,",",",",",",",",",",",",",",#,",",",",#,",",",",#,",",#,",",",",#,#,",",#,",",",",",",#,",",〰,〰,〰,〰,},},〰,‥,‥,",",",",‥,‥,",",#,",",‥,‥,‥,#,‥,#,#,#,#,#,#,#,#,#,#,#,#,#,#,#,#,#,#,#,#,#,#,#,#,#,#,#,#,#,#,#,#,#,#,#,#,#,#,#,#,#,#,#,#,#,#,#,#,#,#,#,#,#,#,#,#,#,#,#,#,#,#,#,#,#,#,#,#,#,#,#,#,#,#,#,#,#,#,#,#,#,#,#,#,#,#,#,#,#,#,#,#,#,#,#,#,#,#,#,#,#,#,#,#,#,#,#,#,#,#,#,#,#,#,#,#,#,#,#,#,#,#,#,#,#,#,#,#,#
.,.,.,.,.,.,.,.,.,.,.,.,.,.,.,.,.,.,.,.,.,.,.,.,.,.,.,.,.,",",",",█,.,.,.,.,.,.,.,█,.,.,.,",",",",",",",",",",",",",",",",",",",",",",",",|,",",",",",",",",",",",",",",",",",",",",",",",",#,",",",",#,#,",",#,",",#,",",#,#,",",",",",",〰,〰,〰,},},},〰,‥,",",",",‥,‥,‥,‥,‥,#,‥,#,‥,‥,#,‥,#,‥,#,#,#,#,#,#,#,#,#,#,#,#,#,#,#,#,#,#,#,#,#,#,#,#,#,#,#,#,#,#,#,#,#,#,#,#,#,#,#,#,#,#,#,#,#,#,#,#,#,#,#,#,#,#,#,#,#,#,#,#,#,#,#,#,#,#,#,#,#,#,#,#,#,#,#,#,#,#,#,#,#,#,#,#,#,#,#,#,#,#,#,#,#,#,#,#,#,#,#,#,#,#,#,#,#,#,#,#,#,#,#,#,#,#,#,#,#,#,#,#,#,#,#,#,#,#
.,.,.,.,.,.,.,.,.,.,.,.,.,.,.,.,.,.,.,.,.,.,.,.,.,.,.,.,.,",",",",█,.,.,.,.,.,.,.,█,.,.,.,",",",",",",",",",",",",",",",",",",",",",",",",|,",",",",",",",",#,",",",",",",",",",",",",",",#,",",#,",",",",#,",",#,",",#,#,",",",",#,",",",",〰,},},},〰,〰,‥,",",‥,‥,‥,#,‥,‥,‥,#,‥,#,‥,#,‥,#,#,#,‥,‥,#,‥,#,#,#,#,#,#,#,#,#,#,#,#,#,#,#,#,#,#,#,#,#,#,#,#,#,#,#,#,#,#,#,#,#,#,#,#,#,#,#,#,#,#,#,#,#,#,#,#,#,#,#,#,#,#,#,#,#,#,#,#,#,#,#,#,#,#,#,#,#,#,#,#,#,#,#,#,#,#,#,#,#,#,#,#,#,#,#,#,#,#,#,#,#,#,#,#,#,#,#,#,#,#,#,#,#,#,#,#,#,#,#,#,#,#,#,#,#,#,#,#,#
.,.,.,.,.,.,.,.,.,.,.,.,.,.,.,.,.,.,.,.,.,.,.,.,.,.,.,.,.,.,.,X,.,.,.,.,.,.,.,█,.,.,.,",",",",",",",",",",",",",",",",",",",",",",",",|,",",",",",",",",",",",",#,",",",",",",",",",",",",",",",",#,#,",",#,",",#,#,",",#,",",#,",",",",〰,〰,},},〰,〰,〰,‥,‥,‥,",",‥,‥,‥,#,#,‥,#,‥,#,#,‥,#,#,‥,#,#,#,#,#,#,#,#,#,#,#,#,#,#,#,#,#,#,#,#,#,#,#,#,#,#,#,#,#,#,#,#,#,#,#,#,#,#,#,#,#,#,#,#,#,#,#,#,#,#,#,#,#,#,#,#,#,#,#,#,#,#,#,#,#,#,#,#,#,#,#,#,#,#,#,#,#,#,#,#,#,#,#,#,#,#,#,#,#,#,#,#,#,#,#,#,#,#,#,#,#,#,#,#,#,#,#,#,#,#,#,#,#,#,#,#,#,#,#,#,#,#,#,#
.,.,.,.,.,.,.,.,.,.,.,.,.,.,.,.,.,.,.,.,.,.,.,.,.,.,.,.,.,",",",",█,.,.,.,.,.,.,.,█,.,.,.,",",",",",",",",",",",",",",",",",",",",",",",",|,",",",",",",",",",",",",",",",",",",",",#,",",",",",",#,",",#,",",#,",",#,",",",",#,",",#,",",",",〰,〰,},},〰,〰,〰,〰,‥,",",‥,‥,‥,‥,#,‥,#,‥,#,#,#,‥,#,‥,#,#,#,#,#,#,#,#,#,#,#,#,#,#,#,#,#,#,#,#,#,#,#,#,#,#,#,#,#,#,#,#,#,#,#,#,#,#,#,#,#,#,#,#,#,#,#,#,#,#,#,#,#,#,#,#,#,#,#,#,#,#,#,#,#,#,#,#,#,#,#,#,#,#,#,#,#,#,#,#,#,#,#,#,#,#,#,#,#,#,#,#,#,#,#,#,#,#,#,#,#,#,#,#,#,#,#,#,#,#,#,#,#,#,#,#,#,#,#,#,#,#,#,#,#
.,.,.,.,.,.,.,.,.,.,.,.,.,.,.,.,.,.,.,.,.,.,.,.,.,.,.,.,.,",",",",█,█,█,█,█,█,█,█,█,",",",",",",",",",",",",",",",",",",",",",",",",",",",",",",|,",",#,",",",",",",",",",",",",",",",",",",",",",",#,",",",",",",",",",",#,",",",",",",#,#,",",",",",",〰,#,},},〰,〰,#,〰,‥,",",‥,",",‥,‥,‥,#,‥,",",‥,#,‥,‥,#,‥,‥,#,#,#,#,#,#,#,#,#,#,#,#,#,#,#,#,#,#,#,#,#,#,#,#,#,#,#,#,#,#,#,#,#,#,#,#,#,#,#,#,#,#,#,#,#,#,#,#,#,#,#,#,#,#,#,#,#,#,#,#,#,#,#,#,#,#,#,#,#,#,#,#,#,#,#,#,#,#,#,#,#,#,#,#,#,#,#,#,#,#,#,#,#,#,#,#,#,#,#,#,#,#,#,#,#,#,#,#,#,#,#,#,#,#,#,#,#,#,#,#,#,#,#,#
.,.,.,.,.,.,.,.,.,.,.,.,.,.,.,.,.,.,.,.,.,.,.,.,.,.,.,.,.,",",",",",",",",",",",",",",",",",",",",",",",",",",",",",",",",",",",",",",",",",",",",",",",",",",",",|,",",",",",",#,",",",",",",",",",",",",",",",",#,",",#,#,#,#,#,",",#,",",",",",",#,",",",",",",〰,〰,},},〰,〰,〰,〰,‥,‥,‥,",",",",‥,#,#,#,#,#,#,",",‥,#,#,‥,#,#,#,#,#,#,#,#,#,#,#,#,#,#,#,#,#,#,#,#,#,#,#,#,#,#,#,#,#,#,#,#,#,#,#,#,#,#,#,#,#,#,#,#,#,#,#,#,#,#,#,#,#,#,#,#,#,#,#,#,#,#,#,#,#,#,#,#,#,#,#,#,#,#,#,#,#,#,#,#,#,#,#,#,#,#,#,#,#,#,#,#,#,#,#,#,#,#,#,#,#,#,#,#,#,#,#,#,#,#,#,#,#,#,#,#,#,#,#,#,#,#,#,#
.,.,.,.,.,.,.,.,.,.,.,.,.,.,.,.,.,.,.,.,.,.,.,.,.,.,.,.,.,",",",",",",",",",",",",",",",",",",",",",",",",",",",",",",",",",",",",",",",",",",",",",",",",",",",",|,",",",",",",",",",",",",",",",",",",",",",",",",",",",",#,#,",",#,",",#,",",#,",",#,",",",",",",",",",",〰,},},},〰,〰,‥,‥,‥,#,‥,‥,‥,‥,‥,#,#,‥,‥,#,#,‥,‥,#,#,#,#,#,#,#,#,#,#,#,#,#,#,#,#,#,#,#,#,#,#,#,#,#,#,#,#,#,#,#,#,#,#,#,#,#,#,#,#,#,#,#,#,#,#,#,#,#,#,#,#,#,#,#,#,#,#,#,#,#,#,#,#,#,#,#,#,#,#,#,#,#,#,#,#,#,#,#,#,#,#,#,#,#,#,#,#,#,#,#,#,#,#,#,#,#,#,#,#,#,#,#,#,#,#,#,#,#,#,#,#,#,#,#,#,#,#,#,#,#,#,#,#,#
.,.,.,.,.,.,.,.,.,.,.,.,.,.,.,.,.,.,.,.,.,.,.,.,.,.,.,.,.,",",",",",",",",",",",",",",",",",",",",",",",",",",",",",",",",",",",",",",",",",",",",",",",",",",",",|,",",",",",",",",",",",",",",",",#,",",",",",",",",#,",",",",#,#,#,",",",",#,",",#,",",",",",",",",",",〰,},},},〰,‥,‥,#,‥,‥,",",‥,#,‥,#,‥,#,‥,#,‥,‥,‥,#,‥,#,#,#,#,#,#,#,#,#,#,#,#,#,#,#,#,#,#,#,#,#,#,#,#,#,#,#,#,#,#,#,#,#,#,#,#,#,#,#,#,#,#,#,#,#,#,#,#,#,#,#,#,#,#,#,#,#,#,#,#,#,#,#,#,#,#,#,#,#,#,#,#,#,#,#,#,#,#,#,#,#,#,#,#,#,#,#,#,#,#,#,#,#,#,#,#,#,#,#,#,#,#,#,#,#,#,#,#,#,#,#,#,#,#,#,#,#,#,#,#,#,#,#,#
.,.,.,.,.,.,.,.,.,.,.,.,.,.,.,.,.,.,.,.,.,.,.,.,.,.,.,.,.,",",",",",",",",",",",",",",",",",",",",",",",",",",",",",",",",",",",",",",",",",",",",",",",",",",",",|,",",",",",",",",",",",",",",",",",",",",#,#,",",",",",",#,",",",",",",#,",",",",#,",",#,",",",",#,",",〰,〰,},},〰,〰,‥,",",",",‥,‥,‥,‥,‥,‥,#,#,#,#,#,#,#,#,‥,#,#,#,#,#,#,#,#,#,#,#,#,#,#,#,#,#,#,#,#,#,#,#,#,#,#,#,#,#,#,#,#,#,#,#,#,#,#,#,#,#,#,#,#,#,#,#,#,#,#,#,#,#,#,#,#,#,#,#,#,#,#,#,#,#,#,#,#,#,#,#,#,#,#,#,#,#,#,#,#,#,#,#,#,#,#,#,#,#,#,#,#,#,#,#,#,#,#,#,#,#,#,#,#,#,#,#,#,#,#,#,#,#,#,#,#,#,#,#,#,#,#,#,#
.,.,.,.,.,.,.,.,.,.,.,.,.,.,.,.,.,.,.,.,.,.,.,.,.,.,.,.,.,",",",",",",",",",",",",",",",",",",",",",",",",",",",",",",",",",",",",",",",",",",",",",",",",",",",",|,",",",",",",",",",",",",",",",",#,",",",",",",",",#,#,#,#,",",#,",",#,",",",",#,",",#,",",#,",",〰,},},},},〰,",",‥,",",‥,‥,‥,#,",",#,‥,#,#,‥,‥,‥,#,‥,#,#,#,#,#,#,#,#,#,#,#,#,#,#,#,#,#,#,#,#,#,#,#,#,#,#,#,#,#,#,#,#,#,#,#,#,#,#,#,#,#,#,#,#,#,#,#,#,#,#,#,#,#,#,#,#,#,#,#,#,#,#,#,#,#,#,#,#,#,#,#,#,#,#,#,#,#,#,#,#,#,#,#,#,#,#,#,#,#,#,#,#,#,#,#,#,#,#,#,#,#,#,#,#,#,#,#,#,#,#,#,#,#,#,#,#,#,#,#,#,#,#,#,#,#
.,.,.,.,.,.,.,.,.,.,.,.,.,.,.,.,.,.,.,.,.,.,.,.,.,.,.,.,.,",",",",",",",",",",",",",",",",",",",",",",",",",",",",",",",",",",",",",",",",",",",",",",",",",",",",|,",",",",",",",",",",",",",",",",",",",",#,#,",",",",",",#,",",#,",",#,",",#,",",",",#,#,",",",",",",〰,},#,},〰,",",‥,",",‥,#,‥,#,‥,‥,#,‥,#,#,#,‥,#,‥,#,‥,#,#,#,#,#,#,#,#,#,#,#,#,#,#,#,#,#,#,#,#,#,#,#,#,#,#,#,#,#,#,#,#,#,#,#,#,#,#,#,#,#,#,#,#,#,#,#,#,#,#,#,#,#,#,#,#,#,#,#,#,#,#,#,#,#,#,#,#,#,#,#,#,#,#,#,#,#,#,#,#,#,#,#,#,#,#,#,#,#,#,#,#,#,#,#,#,#,#,#,#,#,#,#,#,#,#,#,#,#,#,#,#,#,#,#,#,#,#,#,#,#,#,#,#
.,.,.,.,.,.,.,.,.,.,.,.,.,.,.,.,.,.,.,.,.,.,.,.,.,.,.,.,.,",",",",",",",",",",",",",",",",",",",",",",",",",",",",",",",",",",",",",",",",",",",",",",",",",",",",|,",",",",",",",",",",",",#,#,#,",",",",",",#,",",#,#,#,#,",",",",#,",",#,#,",",#,",",#,",",",",〰,},},},〰,",",",",‥,‥,",",",",‥,#,#,#,‥,‥,‥,#,#,#,‥,#,#,#,#,#,#,#,#,#,#,#,#,#,#,#,#,#,#,#,#,#,#,#,#,#,#,#,#,#,#,#,#,#,#,#,#,#,#,#,#,#,#,#,#,#,#,#,#,#,#,#,#,#,#,#,#,#,#,#,#,#,#,#,#,#,#,#,#,#,#,#,#,#,#,#,#,#,#,#,#,#,#,#,#,#,#,#,#,#,#,#,#,#,#,#,#,#,#,#,#,#,#,#,#,#,#,#,#,#,#,#,#,#,#,#,#,#,#,#,#,#,#,#,#,#
.,.,.,.,.,.,.,.,.,.,.,.,.,.,.,.,.,.,.,.,.,.,.,.,.,.,.,.,.,",",",",",",",",",",",",",",",",",",",",",",",",",",",",",",",",",",",",",",",",",",",",",",",",",",",",|,",",",",",",",",#,",",",",",",",",#,#,",",",",",",",",",",",",#,#,#,#,",",",",",",#,",",",",",",",",",",〰,},},},〰,",",",",‥,‥,‥,",",‥,#,‥,#,#,#,#,‥,‥,#,‥,#,#,#,#,#,#,#,#,#,#,#,#,#,#,#,#,#,#,#,#,#,#,#,#,#,#,#,#,#,#,#,#,#,#,#,#,#,#,#,#,#,#,#,#,#,#,#,#,#,#,#,#,#,#,#,#,#,#,#,#,#,#,#,#,#,#,#,#,#,#,#,#,#,#,#,#,#,#,#,#,#,#,#,#,#,#,#,#,#,#,#,#,#,#,#,#,#,#,#,#,#,#,#,#,#,#,#,#,#,#,#,#,#,#,#,#,#,#,#,#,#,#,#,#,#
.,.,.,.,.,.,.,.,.,.,.,.,.,.,.,.,.,.,.,.,.,.,.,.,.,.,.,.,.,",",",",",",",",",",",",",",",",",",",",",",",",",",",",",",",",",",",",",",",",",",",",",",",",",",",",|,",",",",",",",",",",",",",",",",",",",",",",",",",",#,",",#,#,",",#,",",#,#,",",#,#,",",",",",",",",〰,〰,},},},〰,〰,‥,#,‥,#,‥,#,#,#,#,#,‥,#,#,#,#,#,‥,#,#,#,#,#,#,#,#,#,#,#,#,#,#,#,#,#,#,#,#,#,#,#,#,#,#,#,#,#,#,#,#,#,#,#,#,#,#,#,#,#,#,#,#,#,#,#,#,#,#,#,#,#,#,#,#,#,#,#,#,#,#,#,#,#,#,#,#,#,#,#,#,#,#,#,#,#,#,#,#,#,#,#,#,#,#,#,#,#,#,#,#,#,#,#,#,#,#,#,#,#,#,#,#,#,#,#,#,#,#,#,#,#,#,#,#,#,#,#,#,#,#,#,#
.,.,.,.,.,.,.,.,.,.,.,.,.,.,.,.,.,.,.,.,.,.,.,.,.,.,.,.,.,",",",",",",",",",",",",",",",",",",",",",",",",",",",",",",",",",",",",",",",",",",",",",",",",",",",",|,",",",",",",",",",",#,",",#,",",#,",",#,",",",",#,#,",",",",#,",",",",",",#,#,",",",",",",",",",",〰,〰,〰,},},},〰,‥,‥,‥,‥,‥,#,#,‥,#,‥,#,#,‥,#,‥,‥,#,#,#,#,#,#,#,#,#,#,#,#,#,#,#,#,#,#,#,#,#,#,#,#,#,#,#,#,#,#,#,#,#,#,#,#,#,#,#,#,#,#,#,#,#,#,#,#,#,#,#,#,#,#,#,#,#,#,#,#,#,#,#,#,#,#,#,#,#,#,#,#,#,#,#,#,#,#,#,#,#,#,#,#,#,#,#,#,#,#,#,#,#,#,#,#,#,#,#,#,#,#,#,#,#,#,#,#,#,#,#,#,#,#,#,#,#,#,#,#,#,#,#,#,#
.,.,.,.,.,.,.,.,.,.,.,.,.,.,.,.,.,.,.,.,.,.,.,.,.,.,.,.,.,",",",",",",",",",",",",",",",",",",",",",",",",",",",",",",",",",",",",",",",",",",",",",",",",",",",",|,",",",",",",",",",",",",",",#,#,#,#,",",#,",",",",#,",",#,",",#,#,#,",",#,",",#,",",#,",",",",〰,〰,},},},〰,‥,‥,‥,‥,",",#,‥,#,‥,#,#,‥,#,‥,#,#,#,#,#,#,#,#,#,#,#,#,#,#,#,#,#,#,#,#,#,#,#,#,#,#,#,#,#,#,#,#,#,#,#,#,#,#,#,#,#,#,#,#,#,#,#,#,#,#,#,#,#,#,#,#,#,#,#,#,#,#,#,#,#,#,#,#,#,#,#,#,#,#,#,#,#,#,#,#,#,#,#,#,#,#,#,#,#,#,#,#,#,#,#,#,#,#,#,#,#,#,#,#,#,#,#,#,#,#,#,#,#,#,#,#,#,#,#,#,#,#,#,#,#,#,#
.,.,.,.,.,.,.,.,.,.,.,.,.,.,.,.,.,.,.,.,.,.,.,.,.,.,.,.,.,",",",",",",",",",",",",",",",",",",",",",",",",",",",",",",",",",",",",",",",",",",",",",",",",",",",",|,",",",",",",",",",",#,",",",",",",#,#,#,#,",",#,",",",",#,",",",",",",#,",",#,#,",",#,",",#,#,〰,},},},〰,〰,‥,",",‥,‥,‥,#,#,‥,‥,#,#,#,#,#,‥,#,#,#,#,#,#,#,#,#,#,#,#,#,#,#,#,#,#,#,#,#,#,#,#,#,#,#,#,#,#,#,#,#,#,#,#,#,#,#,#,#,#,#,#,#,#,#,#,#,#,#,#,#,#,#,#,#,#,#,#,#,#,#,#,#,#,#,#,#,#,#,#,#,#,#,#,#,#,#,#,#,#,#,#,#,#,#,#,#,#,#,#,#,#,#,#,#,#,#,#,#,#,#,#,#,#,#,#,#,#,#,#,#,#,#,#,#,#,#,#,#,#,#,#,#,#
.,.,.,.,.,.,.,.,.,.,.,.,.,.,.,.,.,.,.,.,.,.,.,.,.,.,.,.,.,",",",",",",",",",",",",",",",",",",",",",",",",",",",",",",",",",",",",",",",",",",",",",",",",",",",",|,",",",",#,",",",",",",",",#,#,",",#,",",#,#,#,#,#,#,#,#,",",#,",",",",#,",",#,#,#,",",〰,},},},},〰,‥,‥,‥,#,‥,#,#,‥,#,‥,#,‥,#,‥,#,#,#,#,#,#,#,#,#,#,#,#,#,#,#,#,#,#,#,#,#,#,#,#,#,#,#,#,#,#,#,#,#,#,#,#,#,#,#,#,#,#,#,#,#,#,#,#,#,#,#,#,#,#,#,#,#,#,#,#,#,#,#,#,#,#,#,#,#,#,#,#,#,#,#,#,#,#,#,#,#,#,#,#,#,#,#,#,#,#,#,#,#,#,#,#,#,#,#,#,#,#,#,#,#,#,#,#,#,#,#,#,#,#,#,#,#,#,#,#,#,#,#,#,#,#,#
.,.,.,.,.,.,.,.,.,.,.,.,.,.,.,.,.,.,.,.,.,.,.,.,.,.,.,.,.,",",",",",",",",",",",",",",",",",",",",",",",",",",",",",",",",",",",",",",",",",",",",",",",",",",",",|,",",",",",",",",#,#,#,",",",",",",#,#,",",",",#,",",",",",",#,#,#,",",#,",",",",#,#,#,",",",",〰,〰,},},〰,〰,‥,‥,‥,‥,#,‥,#,#,‥,#,#,#,#,#,‥,‥,#,#,#,#,#,#,#,#,#,#,#,#,#,#,#,#,#,#,#,#,#,#,#,#,#,#,#,#,#,#,#,#,#,#,#,#,#,#,#,#,#,#,#,#,#,#,#,#,#,#,#,#,#,#,#,#,#,#,#,#,#,#,#,#,#,#,#,#,#,#,#,#,#,#,#,#,#,#,#,#,#,#,#,#,#,#,#,#,#,#,#,#,#,#,#,#,#,#,#,#,#,#,#,#,#,#,#,#,#,#,#,#,#,#,#,#,#,#,#,#,#,#,#,#,#
.,.,.,.,.,.,.,.,.,.,.,.,.,.,.,.,.,.,.,.,.,.,.,.,.,.,.,.,.,",",",",",",",",",",",",",",",",",",",",",",",",",",",",",",",",",",",",",",",",",",",",",",",",",",",",|,",",#,#,#,#,",",#,#,",",#,#,",",#,#,",",#,#,",",#,#,",",#,",",#,#,#,#,",",",",",",〰,〰,〰,#,〰,‥,‥,‥,#,#,#,#,#,‥,#,‥,#,#,#,‥,#,#,‥,#,#,#,#,#,#,#,#,#,#,#,#,#,#,#,#,#,#,#,#,#,#,#,#,#,#,#,#,#,#,#,#,#,#,#,#,#,#,#,#,#,#,#,#,#,#,#,#,#,#,#,#,#,#,#,#,#,#,#,#,#,#,#,#,#,#,#,#,#,#,#,#,#,#,#,#,#,#,#,#,#,#,#,#,#,#,#,#,#,#,#,#,#,#,#,#,#,#,#,#,#,#,#,#,#,#,#,#,#,#,#,#,#,#,#,#,#,#,#,#,#,#,#,#
.,.,.,.,.,.,.,.,.,.,.,.,.,.,.,.,.,.,.,.,.,.,.,.,.,.,.,.,.,",",",",",",",",",",",",",",",",",",",",",",",",",",",",",",",",",",",",",",",",",",",",",",",",",",",",|,",",",",",",#,",",#,#,",",#,",",",",#,",",#,#,#,",",#,",",",",#,#,#,",",#,#,",",#,",",",",",",〰,},},〰,‥,‥,#,#,‥,#,‥,#,#,‥,#,#,#,#,#,‥,#,#,#,#,#,#,#,#,#,#,#,#,#,#,#,#,#,#,#,#,#,#,#,#,#,#,#,#,#,#,#,#,#,#,#,#,#,#,#,#,#,#,#,#,#,#,#,#,#,#,#,#,#,#,#,#,#,#,#,#,#,#,#,#,#,#,#,#,#,#,#,#,#,#,#,#,#,#,#,#,#,#,#,#,#,#,#,#,#,#,#,#,#,#,#,#,#,#,#,#,#,#,#,#,#,#,#,#,#,#,#,#,#,#,#,#,#,#,#,#,#,#,#,#,#,#
.,.,.,.,.,.,.,.,.,.,.,.,.,.,.,.,.,.,.,.,.,.,.,.,.,.,.,.,.,",",",",",",",",",",",",",",",",",",",",",",",",",",",",",",",",",",",",",",",",",",",",",",",",",",",",|,#,#,",",#,#,#,#,",",#,#,",",",",#,#,",",#,#,#,#,#,#,#,#,#,#,#,#,#,",",",",〰,},#,〰,〰,#,#,#,‥,#,#,#,#,#,#,#,#,#,#,#,#,#,#,#,#,#,#,#,#,#,#,#,#,#,#,#,#,#,#,#,#,#,#,#,#,#,#,#,#,#,#,#,#,#,#,#,#,#,#,#,#,#,#,#,#,#,#,#,#,#,#,#,#,#,#,#,#,#,#,#,#,#,#,#,#,#,#,#,#,#,#,#,#,#,#,#,#,#,#,#,#,#,#,#,#,#,#,#,#,#,#,#,#,#,#,#,#,#,#,#,#,#,#,#,#,#,#,#,#,#,#,#,#,#,#,#,#,#,#,#,#,#,#,#,#,#,#